[{"model": "admin.logentry", "pk": 1, "fields": {"action_time": "2022-01-15T16:08:14.617Z", "user": 1, "content_type": 7, "object_id": "1", "object_repr": "Post object (1)", "action_flag": 1, "change_message": "[{\"added\": {}}]"}}, {"model": "admin.logentry", "pk": 2, "fields": {"action_time": "2022-01-15T16:09:20.051Z", "user": 1, "content_type": 7, "object_id": "2", "object_repr": "Post object (2)", "action_flag": 1, "change_message": "[{\"added\": {}}]"}}, {"model": "admin.logentry", "pk": 3, "fields": {"action_time": "2022-01-15T20:26:28.916Z", "user": 1, "content_type": 8, "object_id": "1", "object_repr": "Book object (1)", "action_flag": 1, "change_message": "[{\"added\": {}}]"}}, {"model": "admin.logentry", "pk": 4, "fields": {"action_time": "2022-01-15T20:28:08.727Z", "user": 1, "content_type": 8, "object_id": "2", "object_repr": "Book object (2)", "action_flag": 1, "change_message": "[{\"added\": {}}]"}}, {"model": "admin.logentry", "pk": 5, "fields": {"action_time": "2022-01-15T20:30:27.140Z", "user": 1, "content_type": 8, "object_id": "3", "object_repr": "Book object (3)", "action_flag": 1, "change_message": "[{\"added\": {}}]"}}, {"model": "admin.logentry", "pk": 6, "fields": {"action_time": "2022-01-15T21:13:02.051Z", "user": 1, "content_type": 9, "object_id": "1", "object_repr": "TVShow object (1)", "action_flag": 1, "change_message": "[{\"added\": {}}]"}}, {"model": "admin.logentry", "pk": 7, "fields": {"action_time": "2022-01-15T21:15:03.967Z", "user": 1, "content_type": 9, "object_id": "2", "object_repr": "TVShow object (2)", "action_flag": 1, "change_message": "[{\"added\": {}}]"}}, {"model": "admin.logentry", "pk": 8, "fields": {"action_time": "2022-01-15T22:33:39.726Z", "user": 1, "content_type": 9, "object_id": "3", "object_repr": "TVShow object (3)", "action_flag": 1, "change_message": "[{\"added\": {}}]"}}, {"model": "admin.logentry", "pk": 9, "fields": {"action_time": "2022-01-15T22:36:07.185Z", "user": 1, "content_type": 9, "object_id": "4", "object_repr": "TVShow object (4)", "action_flag": 1, "change_message": "[{\"added\": {}}]"}}, {"model": "admin.logentry", "pk": 10, "fields": {"action_time": "2022-01-15T22:37:34.360Z", "user": 1, "content_type": 9, "object_id": "5", "object_repr": "TVShow object (5)", "action_flag": 1, "change_message": "[{\"added\": {}}]"}}, {"model": "admin.logentry", "pk": 11, "fields": {"action_time": "2022-01-21T02:14:14.789Z", "user": 1, "content_type": 8, "object_id": "4", "object_repr": "Book object (4)", "action_flag": 1, "change_message": "[{\"added\": {}}]"}}, {"model": "admin.logentry", "pk": 12, "fields": {"action_time": "2022-01-21T02:16:33.247Z", "user": 1, "content_type": 8, "object_id": "5", "object_repr": "Book object (5)", "action_flag": 1, "change_message": "[{\"added\": {}}]"}}, {"model": "admin.logentry", "pk": 13, "fields": {"action_time": "2022-01-21T02:18:31.447Z", "user": 1, "content_type": 8, "object_id": "6", "object_repr": "Book object (6)", "action_flag": 1, "change_message": "[{\"added\": {}}]"}}, {"model": "admin.logentry", "pk": 14, "fields": {"action_time": "2022-01-21T02:18:55.101Z", "user": 1, "content_type": 8, "object_id": "7", "object_repr": "Book object (7)", "action_flag": 1, "change_message": "[{\"added\": {}}]"}}, {"model": "admin.logentry", "pk": 15, "fields": {"action_time": "2022-01-24T14:07:54.489Z", "user": 1, "content_type": 11, "object_id": "1", "object_repr": "Атака титанов", "action_flag": 1, "change_message": "[{\"added\": {}}]"}}, {"model": "admin.logentry", "pk": 16, "fields": {"action_time": "2022-01-24T14:08:36.602Z", "user": 1, "content_type": 11, "object_id": "2", "object_repr": "Доктор Хаусcccc", "action_flag": 1, "change_message": "[{\"added\": {}}]"}}, {"model": "admin.logentry", "pk": 17, "fields": {"action_time": "2022-01-24T16:36:31.397Z", "user": 1, "content_type": 12, "object_id": "1", "object_repr": "Дом Гуччи", "action_flag": 1, "change_message": "[{\"added\": {}}]"}}, {"model": "admin.logentry", "pk": 18, "fields": {"action_time": "2022-01-24T16:39:25.436Z", "user": 1, "content_type": 12, "object_id": "2", "object_repr": "Подсознание может всё!", "action_flag": 1, "change_message": "[{\"added\": {}}]"}}, {"model": "admin.logentry", "pk": 19, "fields": {"action_time": "2022-01-24T16:39:46.967Z", "user": 1, "content_type": 12, "object_id": "3", "object_repr": "Самый богатый человек в Вавилоне", "action_flag": 1, "change_message": "[{\"added\": {}}]"}}, {"model": "admin.logentry", "pk": 20, "fields": {"action_time": "2022-01-24T16:40:13.504Z", "user": 1, "content_type": 12, "object_id": "4", "object_repr": "Безмолвный пациент", "action_flag": 1, "change_message": "[{\"added\": {}}]"}}, {"model": "admin.logentry", "pk": 21, "fields": {"action_time": "2022-01-28T13:03:59.941Z", "user": 1, "content_type": 13, "object_id": "48", "object_repr": "Film object (48)", "action_flag": 3, "change_message": ""}}, {"model": "admin.logentry", "pk": 22, "fields": {"action_time": "2022-01-28T13:03:59.947Z", "user": 1, "content_type": 13, "object_id": "47", "object_repr": "Film object (47)", "action_flag": 3, "change_message": ""}}, {"model": "admin.logentry", "pk": 23, "fields": {"action_time": "2022-01-28T13:03:59.949Z", "user": 1, "content_type": 13, "object_id": "46", "object_repr": "Film object (46)", "action_flag": 3, "change_message": ""}}, {"model": "admin.logentry", "pk": 24, "fields": {"action_time": "2022-01-28T13:03:59.950Z", "user": 1, "content_type": 13, "object_id": "45", "object_repr": "Film object (45)", "action_flag": 3, "change_message": ""}}, {"model": "admin.logentry", "pk": 25, "fields": {"action_time": "2022-01-28T13:03:59.951Z", "user": 1, "content_type": 13, "object_id": "44", "object_repr": "Film object (44)", "action_flag": 3, "change_message": ""}}, {"model": "admin.logentry", "pk": 26, "fields": {"action_time": "2022-01-28T13:03:59.953Z", "user": 1, "content_type": 13, "object_id": "43", "object_repr": "Film object (43)", "action_flag": 3, "change_message": ""}}, {"model": "admin.logentry", "pk": 27, "fields": {"action_time": "2022-01-28T13:03:59.954Z", "user": 1, "content_type": 13, "object_id": "42", "object_repr": "Film object (42)", "action_flag": 3, "change_message": ""}}, {"model": "admin.logentry", "pk": 28, "fields": {"action_time": "2022-01-28T13:03:59.955Z", "user": 1, "content_type": 13, "object_id": "41", "object_repr": "Film object (41)", "action_flag": 3, "change_message": ""}}, {"model": "admin.logentry", "pk": 29, "fields": {"action_time": "2022-01-28T13:03:59.957Z", "user": 1, "content_type": 13, "object_id": "40", "object_repr": "Film object (40)", "action_flag": 3, "change_message": ""}}, {"model": "admin.logentry", "pk": 30, "fields": {"action_time": "2022-01-28T13:03:59.958Z", "user": 1, "content_type": 13, "object_id": "39", "object_repr": "Film object (39)", "action_flag": 3, "change_message": ""}}, {"model": "admin.logentry", "pk": 31, "fields": {"action_time": "2022-01-28T13:03:59.960Z", "user": 1, "content_type": 13, "object_id": "38", "object_repr": "Film object (38)", "action_flag": 3, "change_message": ""}}, {"model": "admin.logentry", "pk": 32, "fields": {"action_time": "2022-01-28T13:03:59.961Z", "user": 1, "content_type": 13, "object_id": "37", "object_repr": "Film object (37)", "action_flag": 3, "change_message": ""}}, {"model": "admin.logentry", "pk": 33, "fields": {"action_time": "2022-01-28T13:03:59.962Z", "user": 1, "content_type": 13, "object_id": "36", "object_repr": "Film object (36)", "action_flag": 3, "change_message": ""}}, {"model": "admin.logentry", "pk": 34, "fields": {"action_time": "2022-01-28T13:03:59.963Z", "user": 1, "content_type": 13, "object_id": "35", "object_repr": "Film object (35)", "action_flag": 3, "change_message": ""}}, {"model": "admin.logentry", "pk": 35, "fields": {"action_time": "2022-01-28T13:03:59.965Z", "user": 1, "content_type": 13, "object_id": "34", "object_repr": "Film object (34)", "action_flag": 3, "change_message": ""}}, {"model": "admin.logentry", "pk": 36, "fields": {"action_time": "2022-01-28T13:03:59.966Z", "user": 1, "content_type": 13, "object_id": "33", "object_repr": "Film object (33)", "action_flag": 3, "change_message": ""}}, {"model": "admin.logentry", "pk": 37, "fields": {"action_time": "2022-01-28T13:03:59.967Z", "user": 1, "content_type": 13, "object_id": "32", "object_repr": "Film object (32)", "action_flag": 3, "change_message": ""}}, {"model": "admin.logentry", "pk": 38, "fields": {"action_time": "2022-01-28T13:03:59.968Z", "user": 1, "content_type": 13, "object_id": "31", "object_repr": "Film object (31)", "action_flag": 3, "change_message": ""}}, {"model": "admin.logentry", "pk": 39, "fields": {"action_time": "2022-01-28T13:03:59.970Z", "user": 1, "content_type": 13, "object_id": "30", "object_repr": "Film object (30)", "action_flag": 3, "change_message": ""}}, {"model": "admin.logentry", "pk": 40, "fields": {"action_time": "2022-01-28T13:03:59.971Z", "user": 1, "content_type": 13, "object_id": "29", "object_repr": "Film object (29)", "action_flag": 3, "change_message": ""}}, {"model": "admin.logentry", "pk": 41, "fields": {"action_time": "2022-01-28T13:03:59.972Z", "user": 1, "content_type": 13, "object_id": "28", "object_repr": "Film object (28)", "action_flag": 3, "change_message": ""}}, {"model": "admin.logentry", "pk": 42, "fields": {"action_time": "2022-01-28T13:03:59.974Z", "user": 1, "content_type": 13, "object_id": "27", "object_repr": "Film object (27)", "action_flag": 3, "change_message": ""}}, {"model": "admin.logentry", "pk": 43, "fields": {"action_time": "2022-01-28T13:03:59.976Z", "user": 1, "content_type": 13, "object_id": "26", "object_repr": "Film object (26)", "action_flag": 3, "change_message": ""}}, {"model": "admin.logentry", "pk": 44, "fields": {"action_time": "2022-01-28T13:03:59.977Z", "user": 1, "content_type": 13, "object_id": "25", "object_repr": "Film object (25)", "action_flag": 3, "change_message": ""}}, {"model": "admin.logentry", "pk": 45, "fields": {"action_time": "2022-01-28T13:03:59.978Z", "user": 1, "content_type": 13, "object_id": "24", "object_repr": "Film object (24)", "action_flag": 3, "change_message": ""}}, {"model": "admin.logentry", "pk": 46, "fields": {"action_time": "2022-01-28T13:03:59.979Z", "user": 1, "content_type": 13, "object_id": "23", "object_repr": "Film object (23)", "action_flag": 3, "change_message": ""}}, {"model": "admin.logentry", "pk": 47, "fields": {"action_time": "2022-01-28T13:03:59.981Z", "user": 1, "content_type": 13, "object_id": "22", "object_repr": "Film object (22)", "action_flag": 3, "change_message": ""}}, {"model": "admin.logentry", "pk": 48, "fields": {"action_time": "2022-01-28T13:03:59.982Z", "user": 1, "content_type": 13, "object_id": "21", "object_repr": "Film object (21)", "action_flag": 3, "change_message": ""}}, {"model": "admin.logentry", "pk": 49, "fields": {"action_time": "2022-01-28T13:03:59.983Z", "user": 1, "content_type": 13, "object_id": "20", "object_repr": "Film object (20)", "action_flag": 3, "change_message": ""}}, {"model": "admin.logentry", "pk": 50, "fields": {"action_time": "2022-01-28T13:03:59.984Z", "user": 1, "content_type": 13, "object_id": "19", "object_repr": "Film object (19)", "action_flag": 3, "change_message": ""}}, {"model": "admin.logentry", "pk": 51, "fields": {"action_time": "2022-01-28T13:03:59.985Z", "user": 1, "content_type": 13, "object_id": "18", "object_repr": "Film object (18)", "action_flag": 3, "change_message": ""}}, {"model": "admin.logentry", "pk": 52, "fields": {"action_time": "2022-01-28T13:03:59.986Z", "user": 1, "content_type": 13, "object_id": "17", "object_repr": "Film object (17)", "action_flag": 3, "change_message": ""}}, {"model": "admin.logentry", "pk": 53, "fields": {"action_time": "2022-01-28T13:03:59.987Z", "user": 1, "content_type": 13, "object_id": "16", "object_repr": "Film object (16)", "action_flag": 3, "change_message": ""}}, {"model": "admin.logentry", "pk": 54, "fields": {"action_time": "2022-01-28T13:03:59.989Z", "user": 1, "content_type": 13, "object_id": "15", "object_repr": "Film object (15)", "action_flag": 3, "change_message": ""}}, {"model": "admin.logentry", "pk": 55, "fields": {"action_time": "2022-01-28T13:03:59.990Z", "user": 1, "content_type": 13, "object_id": "14", "object_repr": "Film object (14)", "action_flag": 3, "change_message": ""}}, {"model": "admin.logentry", "pk": 56, "fields": {"action_time": "2022-01-28T13:03:59.991Z", "user": 1, "content_type": 13, "object_id": "13", "object_repr": "Film object (13)", "action_flag": 3, "change_message": ""}}, {"model": "admin.logentry", "pk": 57, "fields": {"action_time": "2022-01-28T13:03:59.993Z", "user": 1, "content_type": 13, "object_id": "12", "object_repr": "Film object (12)", "action_flag": 3, "change_message": ""}}, {"model": "admin.logentry", "pk": 58, "fields": {"action_time": "2022-01-28T13:03:59.994Z", "user": 1, "content_type": 13, "object_id": "11", "object_repr": "Film object (11)", "action_flag": 3, "change_message": ""}}, {"model": "admin.logentry", "pk": 59, "fields": {"action_time": "2022-01-28T13:03:59.995Z", "user": 1, "content_type": 13, "object_id": "10", "object_repr": "Film object (10)", "action_flag": 3, "change_message": ""}}, {"model": "admin.logentry", "pk": 60, "fields": {"action_time": "2022-01-28T13:03:59.996Z", "user": 1, "content_type": 13, "object_id": "9", "object_repr": "Film object (9)", "action_flag": 3, "change_message": ""}}, {"model": "admin.logentry", "pk": 61, "fields": {"action_time": "2022-01-28T13:03:59.998Z", "user": 1, "content_type": 13, "object_id": "8", "object_repr": "Film object (8)", "action_flag": 3, "change_message": ""}}, {"model": "admin.logentry", "pk": 62, "fields": {"action_time": "2022-01-28T13:03:59.999Z", "user": 1, "content_type": 13, "object_id": "7", "object_repr": "Film object (7)", "action_flag": 3, "change_message": ""}}, {"model": "admin.logentry", "pk": 63, "fields": {"action_time": "2022-01-28T13:04:00.000Z", "user": 1, "content_type": 13, "object_id": "6", "object_repr": "Film object (6)", "action_flag": 3, "change_message": ""}}, {"model": "admin.logentry", "pk": 64, "fields": {"action_time": "2022-01-28T13:04:00.001Z", "user": 1, "content_type": 13, "object_id": "5", "object_repr": "Film object (5)", "action_flag": 3, "change_message": ""}}, {"model": "admin.logentry", "pk": 65, "fields": {"action_time": "2022-01-28T13:04:00.003Z", "user": 1, "content_type": 13, "object_id": "4", "object_repr": "Film object (4)", "action_flag": 3, "change_message": ""}}, {"model": "admin.logentry", "pk": 66, "fields": {"action_time": "2022-01-28T13:04:00.004Z", "user": 1, "content_type": 13, "object_id": "3", "object_repr": "Film object (3)", "action_flag": 3, "change_message": ""}}, {"model": "admin.logentry", "pk": 67, "fields": {"action_time": "2022-01-28T13:04:00.006Z", "user": 1, "content_type": 13, "object_id": "2", "object_repr": "Film object (2)", "action_flag": 3, "change_message": ""}}, {"model": "admin.logentry", "pk": 68, "fields": {"action_time": "2022-01-28T13:04:00.007Z", "user": 1, "content_type": 13, "object_id": "1", "object_repr": "Film object (1)", "action_flag": 3, "change_message": ""}}, {"model": "admin.logentry", "pk": 69, "fields": {"action_time": "2022-01-28T15:36:56.237Z", "user": 1, "content_type": 13, "object_id": "88", "object_repr": "Film object (88)", "action_flag": 3, "change_message": ""}}, {"model": "admin.logentry", "pk": 70, "fields": {"action_time": "2022-01-28T15:36:56.242Z", "user": 1, "content_type": 13, "object_id": "87", "object_repr": "Film object (87)", "action_flag": 3, "change_message": ""}}, {"model": "admin.logentry", "pk": 71, "fields": {"action_time": "2022-01-28T15:36:56.243Z", "user": 1, "content_type": 13, "object_id": "86", "object_repr": "Film object (86)", "action_flag": 3, "change_message": ""}}, {"model": "admin.logentry", "pk": 72, "fields": {"action_time": "2022-01-28T15:36:56.245Z", "user": 1, "content_type": 13, "object_id": "85", "object_repr": "Film object (85)", "action_flag": 3, "change_message": ""}}, {"model": "admin.logentry", "pk": 73, "fields": {"action_time": "2022-01-28T15:36:56.246Z", "user": 1, "content_type": 13, "object_id": "84", "object_repr": "Film object (84)", "action_flag": 3, "change_message": ""}}, {"model": "admin.logentry", "pk": 74, "fields": {"action_time": "2022-01-28T15:36:56.248Z", "user": 1, "content_type": 13, "object_id": "83", "object_repr": "Film object (83)", "action_flag": 3, "change_message": ""}}, {"model": "admin.logentry", "pk": 75, "fields": {"action_time": "2022-01-28T15:36:56.250Z", "user": 1, "content_type": 13, "object_id": "82", "object_repr": "Film object (82)", "action_flag": 3, "change_message": ""}}, {"model": "admin.logentry", "pk": 76, "fields": {"action_time": "2022-01-28T15:36:56.251Z", "user": 1, "content_type": 13, "object_id": "81", "object_repr": "Film object (81)", "action_flag": 3, "change_message": ""}}, {"model": "admin.logentry", "pk": 77, "fields": {"action_time": "2022-01-28T15:36:56.253Z", "user": 1, "content_type": 13, "object_id": "80", "object_repr": "Film object (80)", "action_flag": 3, "change_message": ""}}, {"model": "admin.logentry", "pk": 78, "fields": {"action_time": "2022-01-28T15:36:56.254Z", "user": 1, "content_type": 13, "object_id": "79", "object_repr": "Film object (79)", "action_flag": 3, "change_message": ""}}, {"model": "admin.logentry", "pk": 79, "fields": {"action_time": "2022-01-28T15:36:56.255Z", "user": 1, "content_type": 13, "object_id": "78", "object_repr": "Film object (78)", "action_flag": 3, "change_message": ""}}, {"model": "admin.logentry", "pk": 80, "fields": {"action_time": "2022-01-28T15:36:56.257Z", "user": 1, "content_type": 13, "object_id": "77", "object_repr": "Film object (77)", "action_flag": 3, "change_message": ""}}, {"model": "admin.logentry", "pk": 81, "fields": {"action_time": "2022-01-28T15:36:56.258Z", "user": 1, "content_type": 13, "object_id": "76", "object_repr": "Film object (76)", "action_flag": 3, "change_message": ""}}, {"model": "admin.logentry", "pk": 82, "fields": {"action_time": "2022-01-28T15:36:56.260Z", "user": 1, "content_type": 13, "object_id": "75", "object_repr": "Film object (75)", "action_flag": 3, "change_message": ""}}, {"model": "admin.logentry", "pk": 83, "fields": {"action_time": "2022-01-28T15:36:56.261Z", "user": 1, "content_type": 13, "object_id": "74", "object_repr": "Film object (74)", "action_flag": 3, "change_message": ""}}, {"model": "admin.logentry", "pk": 84, "fields": {"action_time": "2022-01-28T15:36:56.262Z", "user": 1, "content_type": 13, "object_id": "73", "object_repr": "Film object (73)", "action_flag": 3, "change_message": ""}}, {"model": "admin.logentry", "pk": 85, "fields": {"action_time": "2022-01-28T15:36:56.264Z", "user": 1, "content_type": 13, "object_id": "72", "object_repr": "Film object (72)", "action_flag": 3, "change_message": ""}}, {"model": "admin.logentry", "pk": 86, "fields": {"action_time": "2022-01-28T15:36:56.265Z", "user": 1, "content_type": 13, "object_id": "71", "object_repr": "Film object (71)", "action_flag": 3, "change_message": ""}}, {"model": "admin.logentry", "pk": 87, "fields": {"action_time": "2022-01-28T15:36:56.266Z", "user": 1, "content_type": 13, "object_id": "70", "object_repr": "Film object (70)", "action_flag": 3, "change_message": ""}}, {"model": "admin.logentry", "pk": 88, "fields": {"action_time": "2022-01-28T15:36:56.268Z", "user": 1, "content_type": 13, "object_id": "69", "object_repr": "Film object (69)", "action_flag": 3, "change_message": ""}}, {"model": "admin.logentry", "pk": 89, "fields": {"action_time": "2022-01-28T15:36:56.269Z", "user": 1, "content_type": 13, "object_id": "68", "object_repr": "Film object (68)", "action_flag": 3, "change_message": ""}}, {"model": "admin.logentry", "pk": 90, "fields": {"action_time": "2022-01-28T15:36:56.271Z", "user": 1, "content_type": 13, "object_id": "67", "object_repr": "Film object (67)", "action_flag": 3, "change_message": ""}}, {"model": "admin.logentry", "pk": 91, "fields": {"action_time": "2022-01-28T15:36:56.272Z", "user": 1, "content_type": 13, "object_id": "66", "object_repr": "Film object (66)", "action_flag": 3, "change_message": ""}}, {"model": "admin.logentry", "pk": 92, "fields": {"action_time": "2022-01-28T15:36:56.274Z", "user": 1, "content_type": 13, "object_id": "65", "object_repr": "Film object (65)", "action_flag": 3, "change_message": ""}}, {"model": "admin.logentry", "pk": 93, "fields": {"action_time": "2022-01-28T15:36:56.275Z", "user": 1, "content_type": 13, "object_id": "64", "object_repr": "Film object (64)", "action_flag": 3, "change_message": ""}}, {"model": "admin.logentry", "pk": 94, "fields": {"action_time": "2022-01-28T15:36:56.276Z", "user": 1, "content_type": 13, "object_id": "63", "object_repr": "Film object (63)", "action_flag": 3, "change_message": ""}}, {"model": "admin.logentry", "pk": 95, "fields": {"action_time": "2022-01-28T15:36:56.277Z", "user": 1, "content_type": 13, "object_id": "62", "object_repr": "Film object (62)", "action_flag": 3, "change_message": ""}}, {"model": "admin.logentry", "pk": 96, "fields": {"action_time": "2022-01-28T15:36:56.279Z", "user": 1, "content_type": 13, "object_id": "61", "object_repr": "Film object (61)", "action_flag": 3, "change_message": ""}}, {"model": "admin.logentry", "pk": 97, "fields": {"action_time": "2022-01-28T15:36:56.280Z", "user": 1, "content_type": 13, "object_id": "60", "object_repr": "Film object (60)", "action_flag": 3, "change_message": ""}}, {"model": "admin.logentry", "pk": 98, "fields": {"action_time": "2022-01-28T15:36:56.281Z", "user": 1, "content_type": 13, "object_id": "59", "object_repr": "Film object (59)", "action_flag": 3, "change_message": ""}}, {"model": "admin.logentry", "pk": 99, "fields": {"action_time": "2022-01-28T15:36:56.282Z", "user": 1, "content_type": 13, "object_id": "58", "object_repr": "Film object (58)", "action_flag": 3, "change_message": ""}}, {"model": "admin.logentry", "pk": 100, "fields": {"action_time": "2022-01-28T15:36:56.283Z", "user": 1, "content_type": 13, "object_id": "57", "object_repr": "Film object (57)", "action_flag": 3, "change_message": ""}}, {"model": "admin.logentry", "pk": 101, "fields": {"action_time": "2022-01-28T15:36:56.285Z", "user": 1, "content_type": 13, "object_id": "56", "object_repr": "Film object (56)", "action_flag": 3, "change_message": ""}}, {"model": "admin.logentry", "pk": 102, "fields": {"action_time": "2022-01-28T15:36:56.286Z", "user": 1, "content_type": 13, "object_id": "55", "object_repr": "Film object (55)", "action_flag": 3, "change_message": ""}}, {"model": "admin.logentry", "pk": 103, "fields": {"action_time": "2022-01-28T15:36:56.287Z", "user": 1, "content_type": 13, "object_id": "54", "object_repr": "Film object (54)", "action_flag": 3, "change_message": ""}}, {"model": "admin.logentry", "pk": 104, "fields": {"action_time": "2022-01-28T15:36:56.288Z", "user": 1, "content_type": 13, "object_id": "53", "object_repr": "Film object (53)", "action_flag": 3, "change_message": ""}}, {"model": "admin.logentry", "pk": 105, "fields": {"action_time": "2022-01-28T15:36:56.290Z", "user": 1, "content_type": 13, "object_id": "52", "object_repr": "Film object (52)", "action_flag": 3, "change_message": ""}}, {"model": "admin.logentry", "pk": 106, "fields": {"action_time": "2022-01-28T15:36:56.291Z", "user": 1, "content_type": 13, "object_id": "51", "object_repr": "Film object (51)", "action_flag": 3, "change_message": ""}}, {"model": "admin.logentry", "pk": 107, "fields": {"action_time": "2022-01-28T15:36:56.292Z", "user": 1, "content_type": 13, "object_id": "50", "object_repr": "Film object (50)", "action_flag": 3, "change_message": ""}}, {"model": "admin.logentry", "pk": 108, "fields": {"action_time": "2022-01-28T15:36:56.293Z", "user": 1, "content_type": 13, "object_id": "49", "object_repr": "Film object (49)", "action_flag": 3, "change_message": ""}}, {"model": "admin.logentry", "pk": 109, "fields": {"action_time": "2022-01-29T06:04:47.795Z", "user": 1, "content_type": 16, "object_id": "1", "object_repr": "BookRating object (1)", "action_flag": 1, "change_message": "[{\"added\": {}}]"}}, {"model": "admin.logentry", "pk": 110, "fields": {"action_time": "2022-01-29T06:04:57.686Z", "user": 1, "content_type": 16, "object_id": "2", "object_repr": "BookRating object (2)", "action_flag": 1, "change_message": "[{\"added\": {}}]"}}, {"model": "admin.logentry", "pk": 111, "fields": {"action_time": "2022-01-29T06:05:07.427Z", "user": 1, "content_type": 16, "object_id": "3", "object_repr": "BookRating object (3)", "action_flag": 1, "change_message": "[{\"added\": {}}]"}}, {"model": "admin.logentry", "pk": 112, "fields": {"action_time": "2022-01-29T06:05:22.566Z", "user": 1, "content_type": 16, "object_id": "4", "object_repr": "BookRating object (4)", "action_flag": 1, "change_message": "[{\"added\": {}}]"}}, {"model": "admin.logentry", "pk": 113, "fields": {"action_time": "2022-01-29T09:20:12.616Z", "user": 1, "content_type": 17, "object_id": "1", "object_repr": "Comment by erlan on Дом Гуччи", "action_flag": 1, "change_message": "[{\"added\": {}}]"}}, {"model": "admin.logentry", "pk": 114, "fields": {"action_time": "2022-01-29T14:07:27.366Z", "user": 1, "content_type": 16, "object_id": "1", "object_repr": "BookRating object (1)", "action_flag": 1, "change_message": "[{\"added\": {}}]"}}, {"model": "admin.logentry", "pk": 115, "fields": {"action_time": "2022-01-29T14:26:43.376Z", "user": 1, "content_type": 17, "object_id": "2", "object_repr": "Comment by mars on Дом Гуччи", "action_flag": 1, "change_message": "[{\"added\": {}}]"}}, {"model": "admin.logentry", "pk": 116, "fields": {"action_time": "2022-01-29T14:29:26.663Z", "user": 1, "content_type": 17, "object_id": "3", "object_repr": "Comment by ar on Дом Гуччи", "action_flag": 1, "change_message": "[{\"added\": {}}]"}}, {"model": "admin.logentry", "pk": 117, "fields": {"action_time": "2022-01-29T15:10:15.375Z", "user": 1, "content_type": 16, "object_id": "2", "object_repr": "BookRating object (2)", "action_flag": 1, "change_message": "[{\"added\": {}}]"}}, {"model": "admin.logentry", "pk": 118, "fields": {"action_time": "2022-01-29T15:10:22.698Z", "user": 1, "content_type": 16, "object_id": "3", "object_repr": "BookRating object (3)", "action_flag": 1, "change_message": "[{\"added\": {}}]"}}, {"model": "admin.logentry", "pk": 119, "fields": {"action_time": "2022-01-29T15:10:29.807Z", "user": 1, "content_type": 16, "object_id": "4", "object_repr": "BookRating object (4)", "action_flag": 1, "change_message": "[{\"added\": {}}]"}}, {"model": "admin.logentry", "pk": 120, "fields": {"action_time": "2022-01-29T15:10:39.263Z", "user": 1, "content_type": 16, "object_id": "5", "object_repr": "BookRating object (5)", "action_flag": 1, "change_message": "[{\"added\": {}}]"}}, {"model": "admin.logentry", "pk": 121, "fields": {"action_time": "2022-02-01T13:23:51.675Z", "user": 1, "content_type": 19, "object_id": "1", "object_repr": "rdtyfugh", "action_flag": 1, "change_message": "[{\"added\": {}}]"}}, {"model": "admin.logentry", "pk": 122, "fields": {"action_time": "2022-02-01T14:17:21.805Z", "user": 1, "content_type": 24, "object_id": "1", "object_repr": "Tag object (1)", "action_flag": 1, "change_message": "[{\"added\": {}}]"}}, {"model": "admin.logentry", "pk": 123, "fields": {"action_time": "2022-02-01T14:17:33.827Z", "user": 1, "content_type": 24, "object_id": "2", "object_repr": "Tag object (2)", "action_flag": 1, "change_message": "[{\"added\": {}}]"}}, {"model": "admin.logentry", "pk": 124, "fields": {"action_time": "2022-02-01T14:17:43.575Z", "user": 1, "content_type": 24, "object_id": "3", "object_repr": "Tag object (3)", "action_flag": 1, "change_message": "[{\"added\": {}}]"}}, {"model": "admin.logentry", "pk": 125, "fields": {"action_time": "2022-02-01T14:17:53.761Z", "user": 1, "content_type": 24, "object_id": "4", "object_repr": "Tag object (4)", "action_flag": 1, "change_message": "[{\"added\": {}}]"}}, {"model": "admin.logentry", "pk": 126, "fields": {"action_time": "2022-02-01T14:18:18.256Z", "user": 1, "content_type": 24, "object_id": "5", "object_repr": "Tag object (5)", "action_flag": 1, "change_message": "[{\"added\": {}}]"}}, {"model": "admin.logentry", "pk": 127, "fields": {"action_time": "2022-02-01T14:18:38.143Z", "user": 1, "content_type": 24, "object_id": "6", "object_repr": "Tag object (6)", "action_flag": 1, "change_message": "[{\"added\": {}}]"}}, {"model": "admin.logentry", "pk": 128, "fields": {"action_time": "2022-02-01T14:18:44.719Z", "user": 1, "content_type": 24, "object_id": "7", "object_repr": "Tag object (7)", "action_flag": 1, "change_message": "[{\"added\": {}}]"}}, {"model": "admin.logentry", "pk": 129, "fields": {"action_time": "2022-02-01T14:18:50.991Z", "user": 1, "content_type": 24, "object_id": "8", "object_repr": "Tag object (8)", "action_flag": 1, "change_message": "[{\"added\": {}}]"}}, {"model": "admin.logentry", "pk": 130, "fields": {"action_time": "2022-02-01T14:19:22.853Z", "user": 1, "content_type": 24, "object_id": "9", "object_repr": "Tag object (9)", "action_flag": 1, "change_message": "[{\"added\": {}}]"}}, {"model": "admin.logentry", "pk": 131, "fields": {"action_time": "2022-02-01T14:19:42.891Z", "user": 1, "content_type": 24, "object_id": "10", "object_repr": "Tag object (10)", "action_flag": 1, "change_message": "[{\"added\": {}}]"}}, {"model": "admin.logentry", "pk": 132, "fields": {"action_time": "2022-02-01T14:20:15.382Z", "user": 1, "content_type": 24, "object_id": "11", "object_repr": "Tag object (11)", "action_flag": 1, "change_message": "[{\"added\": {}}]"}}, {"model": "admin.logentry", "pk": 133, "fields": {"action_time": "2022-02-01T14:24:46.710Z", "user": 1, "content_type": 22, "object_id": "1", "object_repr": "Product object (1)", "action_flag": 1, "change_message": "[{\"added\": {}}]"}}, {"model": "admin.logentry", "pk": 134, "fields": {"action_time": "2022-02-01T14:26:16.122Z", "user": 1, "content_type": 22, "object_id": "2", "object_repr": "Product object (2)", "action_flag": 1, "change_message": "[{\"added\": {}}]"}}, {"model": "admin.logentry", "pk": 135, "fields": {"action_time": "2022-02-01T15:08:15.684Z", "user": 1, "content_type": 21, "object_id": "1", "object_repr": "Customer object (1)", "action_flag": 1, "change_message": "[{\"added\": {}}]"}}, {"model": "admin.logentry", "pk": 136, "fields": {"action_time": "2022-02-01T15:11:03.012Z", "user": 1, "content_type": 22, "object_id": "2", "object_repr": "Product object (2)", "action_flag": 3, "change_message": ""}}, {"model": "admin.logentry", "pk": 137, "fields": {"action_time": "2022-02-01T15:11:03.014Z", "user": 1, "content_type": 22, "object_id": "1", "object_repr": "Product object (1)", "action_flag": 3, "change_message": ""}}, {"model": "admin.logentry", "pk": 138, "fields": {"action_time": "2022-02-01T15:11:36.831Z", "user": 1, "content_type": 24, "object_id": "12", "object_repr": "Tag object (12)", "action_flag": 1, "change_message": "[{\"added\": {}}]"}}, {"model": "admin.logentry", "pk": 139, "fields": {"action_time": "2022-02-01T15:12:02.439Z", "user": 1, "content_type": 22, "object_id": "3", "object_repr": "Product object (3)", "action_flag": 1, "change_message": "[{\"added\": {}}]"}}, {"model": "admin.logentry", "pk": 140, "fields": {"action_time": "2022-02-01T15:12:19.449Z", "user": 1, "content_type": 22, "object_id": "4", "object_repr": "Product object (4)", "action_flag": 1, "change_message": "[{\"added\": {}}]"}}, {"model": "admin.logentry", "pk": 141, "fields": {"action_time": "2022-02-01T15:33:44.709Z", "user": 1, "content_type": 22, "object_id": "4", "object_repr": "yt", "action_flag": 3, "change_message": ""}}, {"model": "admin.logentry", "pk": 142, "fields": {"action_time": "2022-02-01T15:33:44.713Z", "user": 1, "content_type": 22, "object_id": "3", "object_repr": "ety", "action_flag": 3, "change_message": ""}}, {"model": "admin.logentry", "pk": 143, "fields": {"action_time": "2022-02-01T15:35:16.998Z", "user": 1, "content_type": 22, "object_id": "5", "object_repr": "iphone13", "action_flag": 1, "change_message": "[{\"added\": {}}]"}}, {"model": "admin.logentry", "pk": 144, "fields": {"action_time": "2022-02-01T15:36:22.315Z", "user": 1, "content_type": 22, "object_id": "6", "object_repr": "Samsung Calaxy A11", "action_flag": 1, "change_message": "[{\"added\": {}}]"}}, {"model": "admin.logentry", "pk": 145, "fields": {"action_time": "2022-02-01T15:37:40.553Z", "user": 1, "content_type": 22, "object_id": "7", "object_repr": "Macbook M1 Pro MAX", "action_flag": 1, "change_message": "[{\"added\": {}}]"}}, {"model": "admin.logentry", "pk": 146, "fields": {"action_time": "2022-02-01T15:39:21.639Z", "user": 1, "content_type": 22, "object_id": "8", "object_repr": "Asus TUF gaming PRO", "action_flag": 1, "change_message": "[{\"added\": {}}]"}}, {"model": "admin.logentry", "pk": 147, "fields": {"action_time": "2022-02-01T15:40:31.824Z", "user": 1, "content_type": 22, "object_id": "9", "object_repr": "Airpods 3", "action_flag": 1, "change_message": "[{\"added\": {}}]"}}, {"model": "admin.logentry", "pk": 148, "fields": {"action_time": "2022-02-02T14:12:44.782Z", "user": 1, "content_type": 25, "object_id": "1", "object_repr": "Expert Erlan recommends book Дом Гуччи", "action_flag": 1, "change_message": "[{\"added\": {}}]"}}, {"model": "admin.logentry", "pk": 149, "fields": {"action_time": "2022-02-02T14:19:13.901Z", "user": 1, "content_type": 25, "object_id": "2", "object_repr": "Expert Akzhol recommends book Подсознание может всё!", "action_flag": 1, "change_message": "[{\"added\": {}}]"}}, {"model": "admin.logentry", "pk": 150, "fields": {"action_time": "2022-02-02T14:23:44.601Z", "user": 1, "content_type": 25, "object_id": "3", "object_repr": "Expert Almanbet recommends book Самый богатый человек в Вавилоне", "action_flag": 1, "change_message": "[{\"added\": {}}]"}}, {"model": "admin.logentry", "pk": 151, "fields": {"action_time": "2022-02-02T14:26:19.034Z", "user": 1, "content_type": 26, "object_id": "1", "object_repr": "ExpertRecommendation object (1)", "action_flag": 1, "change_message": "[{\"added\": {}}]"}}, {"model": "admin.logentry", "pk": 152, "fields": {"action_time": "2022-02-02T14:27:16.868Z", "user": 1, "content_type": 25, "object_id": "2", "object_repr": "Expert Akzhol recommends book Дом Гуччи", "action_flag": 2, "change_message": "[{\"changed\": {\"fields\": [\"Expert\"]}}]"}}, {"model": "admin.logentry", "pk": 153, "fields": {"action_time": "2022-02-02T14:27:28.231Z", "user": 1, "content_type": 25, "object_id": "1", "object_repr": "Expert Erlan recommends book Самый богатый человек в Вавилоне", "action_flag": 2, "change_message": "[{\"changed\": {\"fields\": [\"Expert\"]}}]"}}, {"model": "admin.logentry", "pk": 154, "fields": {"action_time": "2022-02-02T14:28:28.361Z", "user": 1, "content_type": 26, "object_id": "2", "object_repr": "ExpertRecommendation object (2)", "action_flag": 1, "change_message": "[{\"added\": {}}]"}}, {"model": "admin.logentry", "pk": 155, "fields": {"action_time": "2022-02-02T14:29:30.771Z", "user": 1, "content_type": 26, "object_id": "3", "object_repr": "ExpertRecommendation object (3)", "action_flag": 1, "change_message": "[{\"added\": {}}]"}}, {"model": "admin.logentry", "pk": 156, "fields": {"action_time": "2022-02-02T14:32:00.791Z", "user": 1, "content_type": 26, "object_id": "3", "object_repr": "ExpertRecommendation object (3)", "action_flag": 2, "change_message": "[{\"changed\": {\"fields\": [\"Text\"]}}]"}}, {"model": "admin.logentry", "pk": 157, "fields": {"action_time": "2022-02-04T07:43:07.233Z", "user": 1, "content_type": 29, "object_id": "1", "object_repr": "Мужская одежда", "action_flag": 1, "change_message": "[{\"added\": {}}]"}}, {"model": "admin.logentry", "pk": 158, "fields": {"action_time": "2022-02-04T07:43:51.834Z", "user": 1, "content_type": 29, "object_id": "2", "object_repr": "Женская одежда", "action_flag": 1, "change_message": "[{\"added\": {}}]"}}, {"model": "admin.logentry", "pk": 159, "fields": {"action_time": "2022-02-04T07:44:50.722Z", "user": 1, "content_type": 29, "object_id": "3", "object_repr": "Детская одежда", "action_flag": 1, "change_message": "[{\"added\": {}}]"}}, {"model": "admin.logentry", "pk": 160, "fields": {"action_time": "2022-02-04T07:46:00.799Z", "user": 1, "content_type": 29, "object_id": "4", "object_repr": "Унисекс одежда", "action_flag": 1, "change_message": "[{\"added\": {}}]"}}, {"model": "admin.logentry", "pk": 161, "fields": {"action_time": "2022-02-04T08:00:00.488Z", "user": 1, "content_type": 28, "object_id": "1", "object_repr": "Kappa", "action_flag": 1, "change_message": "[{\"added\": {}}]"}}, {"model": "admin.logentry", "pk": 162, "fields": {"action_time": "2022-02-04T09:24:28.533Z", "user": 1, "content_type": 28, "object_id": "2", "object_repr": "Худи женская Nike Sportswear Swoosh", "action_flag": 1, "change_message": "[{\"added\": {}}]"}}, {"model": "admin.logentry", "pk": 163, "fields": {"action_time": "2022-02-04T09:25:46.085Z", "user": 1, "content_type": 28, "object_id": "3", "object_repr": "Футболка женская Nike Dri-FIT Academy", "action_flag": 1, "change_message": "[{\"added\": {}}]"}}, {"model": "admin.logentry", "pk": 164, "fields": {"action_time": "2022-02-04T09:28:14.230Z", "user": 1, "content_type": 28, "object_id": "4", "object_repr": "Легинсы женские Nike Yoga Dri-FIT", "action_flag": 1, "change_message": "[{\"added\": {}}]"}}, {"model": "admin.logentry", "pk": 165, "fields": {"action_time": "2022-02-04T09:30:17.427Z", "user": 1, "content_type": 28, "object_id": "5", "object_repr": "Юбка женская ASICS", "action_flag": 1, "change_message": "[{\"added\": {}}]"}}, {"model": "admin.logentry", "pk": 166, "fields": {"action_time": "2022-02-04T09:32:19.337Z", "user": 1, "content_type": 28, "object_id": "6", "object_repr": "Куртка утепленная мужская Ziener Peresch", "action_flag": 1, "change_message": "[{\"added\": {}}]"}}, {"model": "admin.logentry", "pk": 167, "fields": {"action_time": "2022-02-04T09:33:37.588Z", "user": 1, "content_type": 28, "object_id": "7", "object_repr": "Футболка мужская Nike Sportswear Swoosh", "action_flag": 1, "change_message": "[{\"added\": {}}]"}}, {"model": "admin.logentry", "pk": 168, "fields": {"action_time": "2022-02-04T09:35:39.036Z", "user": 1, "content_type": 28, "object_id": "8", "object_repr": "Шорты мужские Nike Dri-FIT Academy", "action_flag": 1, "change_message": "[{\"added\": {}}]"}}, {"model": "admin.logentry", "pk": 169, "fields": {"action_time": "2022-02-04T09:37:43.414Z", "user": 1, "content_type": 28, "object_id": "9", "object_repr": "Пуховик для мальчиков Outventure", "action_flag": 1, "change_message": "[{\"added\": {}}]"}}, {"model": "admin.logentry", "pk": 170, "fields": {"action_time": "2022-02-04T09:39:00.417Z", "user": 1, "content_type": 28, "object_id": "10", "object_repr": "Шорты для мальчиков PUMA Better", "action_flag": 1, "change_message": "[{\"added\": {}}]"}}, {"model": "admin.logentry", "pk": 171, "fields": {"action_time": "2022-02-04T09:40:42.967Z", "user": 1, "content_type": 28, "object_id": "11", "object_repr": "Шапка KV+ Foca", "action_flag": 1, "change_message": "[{\"added\": {}}]"}}, {"model": "admin.logentry", "pk": 172, "fields": {"action_time": "2022-02-04T09:41:47.937Z", "user": 1, "content_type": 28, "object_id": "12", "object_repr": "Шапка Satila Gasty", "action_flag": 1, "change_message": "[{\"added\": {}}]"}}, {"model": "admin.logentry", "pk": 173, "fields": {"action_time": "2022-02-04T10:21:35.942Z", "user": 1, "content_type": 29, "object_id": "4", "object_repr": "unisex", "action_flag": 2, "change_message": "[{\"changed\": {\"fields\": [\"Name\"]}}]"}}, {"model": "admin.logentry", "pk": 174, "fields": {"action_time": "2022-02-04T10:22:03.688Z", "user": 1, "content_type": 29, "object_id": "3", "object_repr": "baby", "action_flag": 2, "change_message": "[{\"changed\": {\"fields\": [\"Name\"]}}]"}}, {"model": "admin.logentry", "pk": 175, "fields": {"action_time": "2022-02-04T10:23:08.737Z", "user": 1, "content_type": 29, "object_id": "2", "object_repr": "famale", "action_flag": 2, "change_message": "[{\"changed\": {\"fields\": [\"Name\"]}}]"}}, {"model": "admin.logentry", "pk": 176, "fields": {"action_time": "2022-02-04T10:23:35.419Z", "user": 1, "content_type": 29, "object_id": "1", "object_repr": "male", "action_flag": 2, "change_message": "[{\"changed\": {\"fields\": [\"Name\"]}}]"}}, {"model": "admin.logentry", "pk": 177, "fields": {"action_time": "2022-02-04T10:23:46.944Z", "user": 1, "content_type": 28, "object_id": "12", "object_repr": "Шапка Satila Gasty", "action_flag": 2, "change_message": "[]"}}, {"model": "admin.logentry", "pk": 178, "fields": {"action_time": "2022-02-04T10:42:16.479Z", "user": 1, "content_type": 29, "object_id": "2", "object_repr": "female", "action_flag": 2, "change_message": "[{\"changed\": {\"fields\": [\"Name\"]}}]"}}, {"model": "admin.logentry", "pk": 179, "fields": {"action_time": "2022-02-04T18:34:19.077Z", "user": 1, "content_type": 31, "object_id": "3", "object_repr": "Comment by None on None", "action_flag": 3, "change_message": ""}}, {"model": "admin.logentry", "pk": 180, "fields": {"action_time": "2022-02-04T18:34:19.079Z", "user": 1, "content_type": 31, "object_id": "2", "object_repr": "Comment by None on None", "action_flag": 3, "change_message": ""}}, {"model": "admin.logentry", "pk": 181, "fields": {"action_time": "2022-02-04T18:34:19.080Z", "user": 1, "content_type": 31, "object_id": "1", "object_repr": "Comment by None on None", "action_flag": 3, "change_message": ""}}, {"model": "admin.logentry", "pk": 182, "fields": {"action_time": "2022-02-04T18:34:54.006Z", "user": 1, "content_type": 31, "object_id": "4", "object_repr": "Comment by erlan on Kappa", "action_flag": 1, "change_message": "[{\"added\": {}}]"}}, {"model": "admin.logentry", "pk": 183, "fields": {"action_time": "2022-02-04T18:36:38.014Z", "user": 1, "content_type": 31, "object_id": "5", "object_repr": "Comment by marsel on Шапка Satila Gasty", "action_flag": 1, "change_message": "[{\"added\": {}}]"}}, {"model": "admin.logentry", "pk": 184, "fields": {"action_time": "2022-02-04T19:25:03.657Z", "user": 1, "content_type": 31, "object_id": "6", "object_repr": "Comment by erlan111 on Шапка Satila Gasty", "action_flag": 1, "change_message": "[{\"added\": {}}]"}}, {"model": "auth.permission", "pk": 1, "fields": {"name": "Can add log entry", "content_type": 1, "codename": "add_logentry"}}, {"model": "auth.permission", "pk": 2, "fields": {"name": "Can change log entry", "content_type": 1, "codename": "change_logentry"}}, {"model": "auth.permission", "pk": 3, "fields": {"name": "Can delete log entry", "content_type": 1, "codename": "delete_logentry"}}, {"model": "auth.permission", "pk": 4, "fields": {"name": "Can view log entry", "content_type": 1, "codename": "view_logentry"}}, {"model": "auth.permission", "pk": 5, "fields": {"name": "Can add permission", "content_type": 2, "codename": "add_permission"}}, {"model": "auth.permission", "pk": 6, "fields": {"name": "Can change permission", "content_type": 2, "codename": "change_permission"}}, {"model": "auth.permission", "pk": 7, "fields": {"name": "Can delete permission", "content_type": 2, "codename": "delete_permission"}}, {"model": "auth.permission", "pk": 8, "fields": {"name": "Can view permission", "content_type": 2, "codename": "view_permission"}}, {"model": "auth.permission", "pk": 9, "fields": {"name": "Can add group", "content_type": 3, "codename": "add_group"}}, {"model": "auth.permission", "pk": 10, "fields": {"name": "Can change group", "content_type": 3, "codename": "change_group"}}, {"model": "auth.permission", "pk": 11, "fields": {"name": "Can delete group", "content_type": 3, "codename": "delete_group"}}, {"model": "auth.permission", "pk": 12, "fields": {"name": "Can view group", "content_type": 3, "codename": "view_group"}}, {"model": "auth.permission", "pk": 13, "fields": {"name": "Can add user", "content_type": 4, "codename": "add_user"}}, {"model": "auth.permission", "pk": 14, "fields": {"name": "Can change user", "content_type": 4, "codename": "change_user"}}, {"model": "auth.permission", "pk": 15, "fields": {"name": "Can delete user", "content_type": 4, "codename": "delete_user"}}, {"model": "auth.permission", "pk": 16, "fields": {"name": "Can view user", "content_type": 4, "codename": "view_user"}}, {"model": "auth.permission", "pk": 17, "fields": {"name": "Can add content type", "content_type": 5, "codename": "add_contenttype"}}, {"model": "auth.permission", "pk": 18, "fields": {"name": "Can change content type", "content_type": 5, "codename": "change_contenttype"}}, {"model": "auth.permission", "pk": 19, "fields": {"name": "Can delete content type", "content_type": 5, "codename": "delete_contenttype"}}, {"model": "auth.permission", "pk": 20, "fields": {"name": "Can view content type", "content_type": 5, "codename": "view_contenttype"}}, {"model": "auth.permission", "pk": 21, "fields": {"name": "Can add session", "content_type": 6, "codename": "add_session"}}, {"model": "auth.permission", "pk": 22, "fields": {"name": "Can change session", "content_type": 6, "codename": "change_session"}}, {"model": "auth.permission", "pk": 23, "fields": {"name": "Can delete session", "content_type": 6, "codename": "delete_session"}}, {"model": "auth.permission", "pk": 24, "fields": {"name": "Can view session", "content_type": 6, "codename": "view_session"}}, {"model": "auth.permission", "pk": 25, "fields": {"name": "Can add post", "content_type": 7, "codename": "add_post"}}, {"model": "auth.permission", "pk": 26, "fields": {"name": "Can change post", "content_type": 7, "codename": "change_post"}}, {"model": "auth.permission", "pk": 27, "fields": {"name": "Can delete post", "content_type": 7, "codename": "delete_post"}}, {"model": "auth.permission", "pk": 28, "fields": {"name": "Can view post", "content_type": 7, "codename": "view_post"}}, {"model": "auth.permission", "pk": 29, "fields": {"name": "Can add book", "content_type": 8, "codename": "add_book"}}, {"model": "auth.permission", "pk": 30, "fields": {"name": "Can change book", "content_type": 8, "codename": "change_book"}}, {"model": "auth.permission", "pk": 31, "fields": {"name": "Can delete book", "content_type": 8, "codename": "delete_book"}}, {"model": "auth.permission", "pk": 32, "fields": {"name": "Can view book", "content_type": 8, "codename": "view_book"}}, {"model": "auth.permission", "pk": 33, "fields": {"name": "Can add tv show", "content_type": 9, "codename": "add_tvshow"}}, {"model": "auth.permission", "pk": 34, "fields": {"name": "Can change tv show", "content_type": 9, "codename": "change_tvshow"}}, {"model": "auth.permission", "pk": 35, "fields": {"name": "Can delete tv show", "content_type": 9, "codename": "delete_tvshow"}}, {"model": "auth.permission", "pk": 36, "fields": {"name": "Can view tv show", "content_type": 9, "codename": "view_tvshow"}}, {"model": "auth.permission", "pk": 37, "fields": {"name": "Can add rating", "content_type": 10, "codename": "add_rating"}}, {"model": "auth.permission", "pk": 38, "fields": {"name": "Can change rating", "content_type": 10, "codename": "change_rating"}}, {"model": "auth.permission", "pk": 39, "fields": {"name": "Can delete rating", "content_type": 10, "codename": "delete_rating"}}, {"model": "auth.permission", "pk": 40, "fields": {"name": "Can view rating", "content_type": 10, "codename": "view_rating"}}, {"model": "auth.permission", "pk": 41, "fields": {"name": "Can add show comment", "content_type": 11, "codename": "add_showcomment"}}, {"model": "auth.permission", "pk": 42, "fields": {"name": "Can change show comment", "content_type": 11, "codename": "change_showcomment"}}, {"model": "auth.permission", "pk": 43, "fields": {"name": "Can delete show comment", "content_type": 11, "codename": "delete_showcomment"}}, {"model": "auth.permission", "pk": 44, "fields": {"name": "Can view show comment", "content_type": 11, "codename": "view_showcomment"}}, {"model": "auth.permission", "pk": 45, "fields": {"name": "Can add book comment", "content_type": 12, "codename": "add_bookcomment"}}, {"model": "auth.permission", "pk": 46, "fields": {"name": "Can change book comment", "content_type": 12, "codename": "change_bookcomment"}}, {"model": "auth.permission", "pk": 47, "fields": {"name": "Can delete book comment", "content_type": 12, "codename": "delete_bookcomment"}}, {"model": "auth.permission", "pk": 48, "fields": {"name": "Can view book comment", "content_type": 12, "codename": "view_bookcomment"}}, {"model": "auth.permission", "pk": 49, "fields": {"name": "Can add film", "content_type": 13, "codename": "add_film"}}, {"model": "auth.permission", "pk": 50, "fields": {"name": "Can change film", "content_type": 13, "codename": "change_film"}}, {"model": "auth.permission", "pk": 51, "fields": {"name": "Can delete film", "content_type": 13, "codename": "delete_film"}}, {"model": "auth.permission", "pk": 52, "fields": {"name": "Can view film", "content_type": 13, "codename": "view_film"}}, {"model": "auth.permission", "pk": 53, "fields": {"name": "Can add tv shows", "content_type": 14, "codename": "add_tvshows"}}, {"model": "auth.permission", "pk": 54, "fields": {"name": "Can change tv shows", "content_type": 14, "codename": "change_tvshows"}}, {"model": "auth.permission", "pk": 55, "fields": {"name": "Can delete tv shows", "content_type": 14, "codename": "delete_tvshows"}}, {"model": "auth.permission", "pk": 56, "fields": {"name": "Can view tv shows", "content_type": 14, "codename": "view_tvshows"}}, {"model": "auth.permission", "pk": 57, "fields": {"name": "Can add Пользователь", "content_type": 15, "codename": "add_customuser"}}, {"model": "auth.permission", "pk": 58, "fields": {"name": "Can change Пользователь", "content_type": 15, "codename": "change_customuser"}}, {"model": "auth.permission", "pk": 59, "fields": {"name": "Can delete Пользователь", "content_type": 15, "codename": "delete_customuser"}}, {"model": "auth.permission", "pk": 60, "fields": {"name": "Can view Пользователь", "content_type": 15, "codename": "view_customuser"}}, {"model": "auth.permission", "pk": 61, "fields": {"name": "Can add book rating", "content_type": 16, "codename": "add_bookrating"}}, {"model": "auth.permission", "pk": 62, "fields": {"name": "Can change book rating", "content_type": 16, "codename": "change_bookrating"}}, {"model": "auth.permission", "pk": 63, "fields": {"name": "Can delete book rating", "content_type": 16, "codename": "delete_bookrating"}}, {"model": "auth.permission", "pk": 64, "fields": {"name": "Can view book rating", "content_type": 16, "codename": "view_bookrating"}}, {"model": "auth.permission", "pk": 65, "fields": {"name": "Can add book_ comment", "content_type": 17, "codename": "add_book_comment"}}, {"model": "auth.permission", "pk": 66, "fields": {"name": "Can change book_ comment", "content_type": 17, "codename": "change_book_comment"}}, {"model": "auth.permission", "pk": 67, "fields": {"name": "Can delete book_ comment", "content_type": 17, "codename": "delete_book_comment"}}, {"model": "auth.permission", "pk": 68, "fields": {"name": "Can view book_ comment", "content_type": 17, "codename": "view_book_comment"}}, {"model": "auth.permission", "pk": 69, "fields": {"name": "Can add show_ comment", "content_type": 18, "codename": "add_show_comment"}}, {"model": "auth.permission", "pk": 70, "fields": {"name": "Can change show_ comment", "content_type": 18, "codename": "change_show_comment"}}, {"model": "auth.permission", "pk": 71, "fields": {"name": "Can delete show_ comment", "content_type": 18, "codename": "delete_show_comment"}}, {"model": "auth.permission", "pk": 72, "fields": {"name": "Can view show_ comment", "content_type": 18, "codename": "view_show_comment"}}, {"model": "auth.permission", "pk": 73, "fields": {"name": "Can add tv show", "content_type": 19, "codename": "add_tvshow"}}, {"model": "auth.permission", "pk": 74, "fields": {"name": "Can change tv show", "content_type": 19, "codename": "change_tvshow"}}, {"model": "auth.permission", "pk": 75, "fields": {"name": "Can delete tv show", "content_type": 19, "codename": "delete_tvshow"}}, {"model": "auth.permission", "pk": 76, "fields": {"name": "Can view tv show", "content_type": 19, "codename": "view_tvshow"}}, {"model": "auth.permission", "pk": 77, "fields": {"name": "Can add show_ comment", "content_type": 20, "codename": "add_show_comment"}}, {"model": "auth.permission", "pk": 78, "fields": {"name": "Can change show_ comment", "content_type": 20, "codename": "change_show_comment"}}, {"model": "auth.permission", "pk": 79, "fields": {"name": "Can delete show_ comment", "content_type": 20, "codename": "delete_show_comment"}}, {"model": "auth.permission", "pk": 80, "fields": {"name": "Can view show_ comment", "content_type": 20, "codename": "view_show_comment"}}, {"model": "auth.permission", "pk": 81, "fields": {"name": "Can add customer", "content_type": 21, "codename": "add_customer"}}, {"model": "auth.permission", "pk": 82, "fields": {"name": "Can change customer", "content_type": 21, "codename": "change_customer"}}, {"model": "auth.permission", "pk": 83, "fields": {"name": "Can delete customer", "content_type": 21, "codename": "delete_customer"}}, {"model": "auth.permission", "pk": 84, "fields": {"name": "Can view customer", "content_type": 21, "codename": "view_customer"}}, {"model": "auth.permission", "pk": 85, "fields": {"name": "Can add Продукт", "content_type": 22, "codename": "add_product"}}, {"model": "auth.permission", "pk": 86, "fields": {"name": "Can change Продукт", "content_type": 22, "codename": "change_product"}}, {"model": "auth.permission", "pk": 87, "fields": {"name": "Can delete Продукт", "content_type": 22, "codename": "delete_product"}}, {"model": "auth.permission", "pk": 88, "fields": {"name": "Can view Продукт", "content_type": 22, "codename": "view_product"}}, {"model": "auth.permission", "pk": 89, "fields": {"name": "Can add order", "content_type": 23, "codename": "add_order"}}, {"model": "auth.permission", "pk": 90, "fields": {"name": "Can change order", "content_type": 23, "codename": "change_order"}}, {"model": "auth.permission", "pk": 91, "fields": {"name": "Can delete order", "content_type": 23, "codename": "delete_order"}}, {"model": "auth.permission", "pk": 92, "fields": {"name": "Can view order", "content_type": 23, "codename": "view_order"}}, {"model": "auth.permission", "pk": 93, "fields": {"name": "Can add tag", "content_type": 24, "codename": "add_tag"}}, {"model": "auth.permission", "pk": 94, "fields": {"name": "Can change tag", "content_type": 24, "codename": "change_tag"}}, {"model": "auth.permission", "pk": 95, "fields": {"name": "Can delete tag", "content_type": 24, "codename": "delete_tag"}}, {"model": "auth.permission", "pk": 96, "fields": {"name": "Can view tag", "content_type": 24, "codename": "view_tag"}}, {"model": "auth.permission", "pk": 97, "fields": {"name": "Can add expert", "content_type": 25, "codename": "add_expert"}}, {"model": "auth.permission", "pk": 98, "fields": {"name": "Can change expert", "content_type": 25, "codename": "change_expert"}}, {"model": "auth.permission", "pk": 99, "fields": {"name": "Can delete expert", "content_type": 25, "codename": "delete_expert"}}, {"model": "auth.permission", "pk": 100, "fields": {"name": "Can view expert", "content_type": 25, "codename": "view_expert"}}, {"model": "auth.permission", "pk": 101, "fields": {"name": "Can add expert recommendation", "content_type": 26, "codename": "add_expertrecommendation"}}, {"model": "auth.permission", "pk": 102, "fields": {"name": "Can change expert recommendation", "content_type": 26, "codename": "change_expertrecommendation"}}, {"model": "auth.permission", "pk": 103, "fields": {"name": "Can delete expert recommendation", "content_type": 26, "codename": "delete_expertrecommendation"}}, {"model": "auth.permission", "pk": 104, "fields": {"name": "Can view expert recommendation", "content_type": 26, "codename": "view_expertrecommendation"}}, {"model": "auth.permission", "pk": 105, "fields": {"name": "Can add order cl", "content_type": 27, "codename": "add_ordercl"}}, {"model": "auth.permission", "pk": 106, "fields": {"name": "Can change order cl", "content_type": 27, "codename": "change_ordercl"}}, {"model": "auth.permission", "pk": 107, "fields": {"name": "Can delete order cl", "content_type": 27, "codename": "delete_ordercl"}}, {"model": "auth.permission", "pk": 108, "fields": {"name": "Can view order cl", "content_type": 27, "codename": "view_ordercl"}}, {"model": "auth.permission", "pk": 109, "fields": {"name": "Can add Продукт", "content_type": 28, "codename": "add_productcl"}}, {"model": "auth.permission", "pk": 110, "fields": {"name": "Can change Продукт", "content_type": 28, "codename": "change_productcl"}}, {"model": "auth.permission", "pk": 111, "fields": {"name": "Can delete Продукт", "content_type": 28, "codename": "delete_productcl"}}, {"model": "auth.permission", "pk": 112, "fields": {"name": "Can view Продукт", "content_type": 28, "codename": "view_productcl"}}, {"model": "auth.permission", "pk": 113, "fields": {"name": "Can add tag cl", "content_type": 29, "codename": "add_tagcl"}}, {"model": "auth.permission", "pk": 114, "fields": {"name": "Can change tag cl", "content_type": 29, "codename": "change_tagcl"}}, {"model": "auth.permission", "pk": 115, "fields": {"name": "Can delete tag cl", "content_type": 29, "codename": "delete_tagcl"}}, {"model": "auth.permission", "pk": 116, "fields": {"name": "Can view tag cl", "content_type": 29, "codename": "view_tagcl"}}, {"model": "auth.permission", "pk": 117, "fields": {"name": "Can add customer cl", "content_type": 30, "codename": "add_customercl"}}, {"model": "auth.permission", "pk": 118, "fields": {"name": "Can change customer cl", "content_type": 30, "codename": "change_customercl"}}, {"model": "auth.permission", "pk": 119, "fields": {"name": "Can delete customer cl", "content_type": 30, "codename": "delete_customercl"}}, {"model": "auth.permission", "pk": 120, "fields": {"name": "Can view customer cl", "content_type": 30, "codename": "view_customercl"}}, {"model": "auth.permission", "pk": 121, "fields": {"name": "Can add product c l_ comment", "content_type": 31, "codename": "add_productcl_comment"}}, {"model": "auth.permission", "pk": 122, "fields": {"name": "Can change product c l_ comment", "content_type": 31, "codename": "change_productcl_comment"}}, {"model": "auth.permission", "pk": 123, "fields": {"name": "Can delete product c l_ comment", "content_type": 31, "codename": "delete_productcl_comment"}}, {"model": "auth.permission", "pk": 124, "fields": {"name": "Can view product c l_ comment", "content_type": 31, "codename": "view_productcl_comment"}}, {"model": "auth.user", "pk": 1, "fields": {"password": "pbkdf2_sha256$320000$SJI5sL9R3xAPT4Zq2ir0dp$a4claxAhWPhGsH6gbNKIideDDSfDjPJPj8QlDmMlikI=", "last_login": "2022-08-07T01:07:52.659Z", "is_superuser": true, "username": "admin", "first_name": "", "last_name": "", "email": "admin@gmail.com", "is_staff": true, "is_active": true, "date_joined": "2022-01-15T14:22:06.663Z", "groups": [], "user_permissions": []}}, {"model": "auth.user", "pk": 2, "fields": {"password": "pbkdf2_sha256$320000$pqsm7X7Kwe25SqZ9mQzPNu$ctVpqoDCrIId+pmKZPbQY6x3wFZ9j8ftylxpBZF2Ynk=", "last_login": "2022-01-28T13:50:51.691Z", "is_superuser": false, "username": "username", "first_name": "", "last_name": "", "email": "", "is_staff": false, "is_active": true, "date_joined": "2022-01-28T13:33:50.768Z", "groups": [], "user_permissions": []}}, {"model": "auth.user", "pk": 3, "fields": {"password": "pbkdf2_sha256$320000$DnSzyP2tvqGUNOldi7e6mU$sKWdamPs9erI/5Zn5VdTGyzHTGAgfOJszPE5rD+/J/c=", "last_login": null, "is_superuser": false, "username": "username2", "first_name": "", "last_name": "", "email": "", "is_staff": false, "is_active": true, "date_joined": "2022-01-28T13:49:49.065Z", "groups": [], "user_permissions": []}}, {"model": "auth.user", "pk": 4, "fields": {"password": "pbkdf2_sha256$320000$RC4FgyANhkSwIaaiewhexr$AABDbHOxF4iXR0dVki+9Sp6tyrvyOwOAz0iA/AErEpc=", "last_login": "2022-01-28T15:22:37.938Z", "is_superuser": false, "username": "username3", "first_name": "First", "last_name": "Last", "email": "user@gmail.com", "is_staff": false, "is_active": true, "date_joined": "2022-01-28T14:55:24.294Z", "groups": [], "user_permissions": []}}, {"model": "auth.user", "pk": 5, "fields": {"password": "pbkdf2_sha256$320000$laLy0Ckb10QQzRcopBWJ6i$qcjEeY5njxxtj+sGyJliqwkWIMFE2uokqDp+XwPJrFg=", "last_login": null, "is_superuser": false, "username": "username1", "first_name": "First", "last_name": "Last", "email": "user@gmail.com", "is_staff": false, "is_active": true, "date_joined": "2022-01-28T14:58:37.078Z", "groups": [], "user_permissions": []}}, {"model": "auth.user", "pk": 6, "fields": {"password": "pbkdf2_sha256$320000$Ps3z7DD9zkZAM8iET6ikBM$M0W8scv+U+u/34KYcTnXRUWBVCGn7mzOlVB67hjTudU=", "last_login": null, "is_superuser": false, "username": "alman", "first_name": "", "last_name": "", "email": "", "is_staff": false, "is_active": true, "date_joined": "2022-02-02T16:50:04.924Z", "groups": [], "user_permissions": []}}, {"model": "contenttypes.contenttype", "pk": 1, "fields": {"app_label": "admin", "model": "logentry"}}, {"model": "contenttypes.contenttype", "pk": 2, "fields": {"app_label": "auth", "model": "permission"}}, {"model": "contenttypes.contenttype", "pk": 3, "fields": {"app_label": "auth", "model": "group"}}, {"model": "contenttypes.contenttype", "pk": 4, "fields": {"app_label": "auth", "model": "user"}}, {"model": "contenttypes.contenttype", "pk": 5, "fields": {"app_label": "contenttypes", "model": "contenttype"}}, {"model": "contenttypes.contenttype", "pk": 6, "fields": {"app_label": "sessions", "model": "session"}}, {"model": "contenttypes.contenttype", "pk": 7, "fields": {"app_label": "blog", "model": "post"}}, {"model": "contenttypes.contenttype", "pk": 8, "fields": {"app_label": "book", "model": "book"}}, {"model": "contenttypes.contenttype", "pk": 9, "fields": {"app_label": "shows", "model": "tvshow"}}, {"model": "contenttypes.contenttype", "pk": 10, "fields": {"app_label": "book", "model": "rating"}}, {"model": "contenttypes.contenttype", "pk": 11, "fields": {"app_label": "shows", "model": "showcomment"}}, {"model": "contenttypes.contenttype", "pk": 12, "fields": {"app_label": "book", "model": "bookcomment"}}, {"model": "contenttypes.contenttype", "pk": 13, "fields": {"app_label": "parser_app", "model": "film"}}, {"model": "contenttypes.contenttype", "pk": 14, "fields": {"app_label": "parser_app", "model": "tvshows"}}, {"model": "contenttypes.contenttype", "pk": 15, "fields": {"app_label": "custom_users", "model": "customuser"}}, {"model": "contenttypes.contenttype", "pk": 16, "fields": {"app_label": "book", "model": "bookrating"}}, {"model": "contenttypes.contenttype", "pk": 17, "fields": {"app_label": "book", "model": "book_comment"}}, {"model": "contenttypes.contenttype", "pk": 18, "fields": {"app_label": "shows", "model": "show_comment"}}, {"model": "contenttypes.contenttype", "pk": 19, "fields": {"app_label": "shows1", "model": "tvshow"}}, {"model": "contenttypes.contenttype", "pk": 20, "fields": {"app_label": "shows1", "model": "show_comment"}}, {"model": "contenttypes.contenttype", "pk": 21, "fields": {"app_label": "product", "model": "customer"}}, {"model": "contenttypes.contenttype", "pk": 22, "fields": {"app_label": "product", "model": "product"}}, {"model": "contenttypes.contenttype", "pk": 23, "fields": {"app_label": "product", "model": "order"}}, {"model": "contenttypes.contenttype", "pk": 24, "fields": {"app_label": "product", "model": "tag"}}, {"model": "contenttypes.contenttype", "pk": 25, "fields": {"app_label": "book", "model": "expert"}}, {"model": "contenttypes.contenttype", "pk": 26, "fields": {"app_label": "book", "model": "expertrecommendation"}}, {"model": "contenttypes.contenttype", "pk": 27, "fields": {"app_label": "cloth", "model": "ordercl"}}, {"model": "contenttypes.contenttype", "pk": 28, "fields": {"app_label": "cloth", "model": "productcl"}}, {"model": "contenttypes.contenttype", "pk": 29, "fields": {"app_label": "cloth", "model": "tagcl"}}, {"model": "contenttypes.contenttype", "pk": 30, "fields": {"app_label": "cloth", "model": "customercl"}}, {"model": "contenttypes.contenttype", "pk": 31, "fields": {"app_label": "cloth", "model": "productcl_comment"}}, {"model": "sessions.session", "pk": "0banz4obu5mkns6o4fq8xwmbn8udr9ne", "fields": {"session_data": ".eJxVjDEOwyAQBP9CHSFwjMEp0-cN6Lg7gpMIJGNXUf4eI7mwiy12Z7Rf4WFdkl8rz34icRNaXI5bAHxzboBekJ9FYsnLPAXZFLnTKh-F-HPf3dNBgpraraUeRtZKwYgR3RW06XpgVA63bDW6AbQjHsgYUoE7DAGiRYeEbMXvD_krOT0:1nDOVn:8kyz02eZSh9EmbqnLS5CElNjUZb7cI34jRa4OAt4AVY", "expire_date": "2022-02-11T10:29:47.711Z"}}, {"model": "sessions.session", "pk": "8tnujpiljqr7w7l6dxt10wvudwdzhl34", "fields": {"session_data": ".eJxVjDEOwyAQBP9CHSFwjMEp0-cN6Lg7gpMIJGNXUf4eI7mwiy12Z7Rf4WFdkl8rz34icRNaXI5bAHxzboBekJ9FYsnLPAXZFLnTKh-F-HPf3dNBgpraraUeRtZKwYgR3RW06XpgVA63bDW6AbQjHsgYUoE7DAGiRYeEbMXvD_krOT0:1oKUlk:BSCGlaauHTDBLl6jv-CH4sGhtqHd9B-MDfkcBM8c_lg", "expire_date": "2022-08-21T01:07:52.661Z"}}, {"model": "sessions.session", "pk": "b8bfugtftf0tnpsoyiq8s27bobwrgzqi", "fields": {"session_data": ".eJxVjDEOwyAQBP9CHSFwjMEp0-cN6Lg7gpMIJGNXUf4eI7mwiy12Z7Rf4WFdkl8rz34icRNaXI5bAHxzboBekJ9FYsnLPAXZFLnTKh-F-HPf3dNBgpraraUeRtZKwYgR3RW06XpgVA63bDW6AbQjHsgYUoE7DAGiRYeEbMXvD_krOT0:1nDQFU:76PHCHnxEDU4vWScmT3Zu5a_7xkiDpZ472MAw5XJGvk", "expire_date": "2022-02-11T12:21:04.132Z"}}, {"model": "sessions.session", "pk": "dmud08prwk0x3hsiwq5ist0ts2tnu9kc", "fields": {"session_data": ".eJxVjDEOwyAQBP9CHSFwjMEp0-cN6Lg7gpMIJGNXUf4eI7mwiy12Z7Rf4WFdkl8rz34icRNaXI5bAHxzboBekJ9FYsnLPAXZFLnTKh-F-HPf3dNBgpraraUeRtZKwYgR3RW06XpgVA63bDW6AbQjHsgYUoE7DAGiRYeEbMXvD_krOT0:1nH2sI:lxbgUVxiTFiHxPCt7i64aV1SZl3t2EzdZPLvIhIFVOs", "expire_date": "2022-02-21T12:12:06.845Z"}}, {"model": "sessions.session", "pk": "dz2zwwwnbbbc4r4mqt1ypye3j0fu4no1", "fields": {"session_data": ".eJxVjDEOwyAQBP9CHSFwjMEp0-cN6Lg7gpMIJGNXUf4eI7mwiy12Z7Rf4WFdkl8rz34icRNaXI5bAHxzboBekJ9FYsnLPAXZFLnTKh-F-HPf3dNBgpraraUeRtZKwYgR3RW06XpgVA63bDW6AbQjHsgYUoE7DAGiRYeEbMXvD_krOT0:1nFYWs:D9E9gCCCAqPjuV-DqAdDTP9AsaJO90R8v8CP-TvsgBw", "expire_date": "2022-02-17T09:35:50.212Z"}}, {"model": "sessions.session", "pk": "embdz5l50lnrwvktwy14e4d82goah03q", "fields": {"session_data": ".eJxVjDEOwyAQBP9CHSFwjMEp0-cN6Lg7gpMIJGNXUf4eI7mwiy12Z7Rf4WFdkl8rz34icRNaXI5bAHxzboBekJ9FYsnLPAXZFLnTKh-F-HPf3dNBgpraraUeRtZKwYgR3RW06XpgVA63bDW6AbQjHsgYUoE7DAGiRYeEbMXvD_krOT0:1nEmUu:VU0Cf1uD-JYCbnuvWz1QPJu_7fBsGs_Ume0vWLEOcFk", "expire_date": "2022-02-15T06:18:36.285Z"}}, {"model": "sessions.session", "pk": "gai746z4vzlewkl02a8no4ltskpn8snn", "fields": {"session_data": ".eJxVjDEOwyAQBP9CHSFwjMEp0-cN6Lg7gpMIJGNXUf4eI7mwiy12Z7Rf4WFdkl8rz34icRNaXI5bAHxzboBekJ9FYsnLPAXZFLnTKh-F-HPf3dNBgpraraUeRtZKwYgR3RW06XpgVA63bDW6AbQjHsgYUoE7DAGiRYeEbMXvD_krOT0:1n8jxt:6zUtTn5VJ3uBzi-gTTxwP-9vBqtRmkKMwY_xZgj4TW8", "expire_date": "2022-01-29T14:23:33.300Z"}}, {"model": "sessions.session", "pk": "i2vniv84r0xkmoj0ir984t5o99o61x6v", "fields": {"session_data": ".eJxVjDEOwyAQBP9CHSFwjMEp0-cN6Lg7gpMIJGNXUf4eI7mwiy12Z7Rf4WFdkl8rz34icRNaXI5bAHxzboBekJ9FYsnLPAXZFLnTKh-F-HPf3dNBgpraraUeRtZKwYgR3RW06XpgVA63bDW6AbQjHsgYUoE7DAGiRYeEbMXvD_krOT0:1nG3PB:pXi3aDqXFSisML4gDlD4AcI1RYCMq4xHSUa5eYJFKbg", "expire_date": "2022-02-18T18:33:57.161Z"}}, {"model": "sessions.session", "pk": "iyfhhkt9fgi4kqhpo1gg2ht6vvqfj4ti", "fields": {"session_data": ".eJxVjDEOwyAQBP9CHSFwjMEp0-cN6Lg7gpMIJGNXUf4eI7mwiy12Z7Rf4WFdkl8rz34icRNaXI5bAHxzboBekJ9FYsnLPAXZFLnTKh-F-HPf3dNBgpraraUeRtZKwYgR3RW06XpgVA63bDW6AbQjHsgYUoE7DAGiRYeEbMXvD_krOT0:1nDoNa:fmw--axTrVFIocnyUARcz5D0afFykocZxUE5E_K3UDs", "expire_date": "2022-02-12T14:07:02.441Z"}}, {"model": "sessions.session", "pk": "j8srxvzjmugdtc8qs9w7w8ijl640nemo", "fields": {"session_data": ".eJxVjDEOwyAQBP9CHSFwjMEp0-cN6Lg7gpMIJGNXUf4eI7mwiy12Z7Rf4WFdkl8rz34icRNaXI5bAHxzboBekJ9FYsnLPAXZFLnTKh-F-HPf3dNBgpraraUeRtZKwYgR3RW06XpgVA63bDW6AbQjHsgYUoE7DAGiRYeEbMXvD_krOT0:1nFt9I:b2_nmS_R-jU1H9CCX6cmbBEjQahUcf_uCkTpD8UzFtA", "expire_date": "2022-02-18T07:36:52.220Z"}}, {"model": "sessions.session", "pk": "jwqx2tffli89lfuojoppxhasiwjvf4qt", "fields": {"session_data": ".eJxVjDEOwyAQBP9CHSFwjMEp0-cN6Lg7gpMIJGNXUf4eI7mwiy12Z7Rf4WFdkl8rz34icRNaXI5bAHxzboBekJ9FYsnLPAXZFLnTKh-F-HPf3dNBgpraraUeRtZKwYgR3RW06XpgVA63bDW6AbQjHsgYUoE7DAGiRYeEbMXvD_krOT0:1nBzw9:r6EtlVePBWz9C7qve-pvcw4caYy2MUzjcr52DGnGSjw", "expire_date": "2022-02-07T14:03:13.359Z"}}, {"model": "sessions.session", "pk": "lhkzp6p96jy95xaybwj21o5a9cuce3z7", "fields": {"session_data": ".eJxVjDEOwyAQBP9CHSFwjMEp0-cN6Lg7gpMIJGNXUf4eI7mwiy12Z7Rf4WFdkl8rz34icRNaXI5bAHxzboBekJ9FYsnLPAXZFLnTKh-F-HPf3dNBgpraraUeRtZKwYgR3RW06XpgVA63bDW6AbQjHsgYUoE7DAGiRYeEbMXvD_krOT0:1nDKJl:J50Y3t8jKTEoxy3Fw2CrJUu_fQGJ57iSeQqYAOvPPks", "expire_date": "2022-02-11T06:01:05.684Z"}}, {"model": "sessions.session", "pk": "lnrr8dutdzqf4hxnbeno67t7ecgx7sq3", "fields": {"session_data": ".eJxVjDEOwyAQBP9CHSFwjMEp0-cN6Lg7gpMIJGNXUf4eI7mwiy12Z7Rf4WFdkl8rz34icRNaXI5bAHxzboBekJ9FYsnLPAXZFLnTKh-F-HPf3dNBgpraraUeRtZKwYgR3RW06XpgVA63bDW6AbQjHsgYUoE7DAGiRYeEbMXvD_krOT0:1nAjP2:IHy4Bqpo8PhiDtrxrIOe-4EOl23p9RgwAEIb8zXBReU", "expire_date": "2022-02-04T02:11:48.641Z"}}, {"model": "sessions.session", "pk": "logcbf655l9xt0qqn6qauab9pi5jb7vp", "fields": {"session_data": ".eJxVjDEOwyAQBP9CHSFwjMEp0-cN6Lg7gpMIJGNXUf4eI7mwiy12Z7Rf4WFdkl8rz34icRNaXI5bAHxzboBekJ9FYsnLPAXZFLnTKh-F-HPf3dNBgpraraUeRtZKwYgR3RW06XpgVA63bDW6AbQjHsgYUoE7DAGiRYeEbMXvD_krOT0:1nDgqA:LRVquZkHnlwhGkCVjdpleR9cBtWxpvWy-yr6Jmamv9k", "expire_date": "2022-02-12T06:04:02.981Z"}}, {"model": "sessions.session", "pk": "v9cin1d7zigjongg8z6z0z70m1o7spsb", "fields": {"session_data": ".eJxVjDEOwyAQBP9CHSFwjMEp0-cN6Lg7gpMIJGNXUf4eI7mwiy12Z7Rf4WFdkl8rz34icRNaXI5bAHxzboBekJ9FYsnLPAXZFLnTKh-F-HPf3dNBgpraraUeRtZKwYgR3RW06XpgVA63bDW6AbQjHsgYUoE7DAGiRYeEbMXvD_krOT0:1nEt85:e8Cf0DFfDhiuD3MJoNMpc7B1hgLa_1hNMl-62_wW-F0", "expire_date": "2022-02-15T13:23:29.886Z"}}, {"model": "sessions.session", "pk": "w4rz1wlq8mhr4xzavn6gn76zgnn38x7j", "fields": {"session_data": ".eJxVjDEOwyAQBP9CHSFwjMEp0-cN6Lg7gpMIJGNXUf4eI7mwiy12Z7Rf4WFdkl8rz34icRNaXI5bAHxzboBekJ9FYsnLPAXZFLnTKh-F-HPf3dNBgpraraUeRtZKwYgR3RW06XpgVA63bDW6AbQjHsgYUoE7DAGiRYeEbMXvD_krOT0:1nFGM6:P5WfbcVuvbYEu5bmujiT99-W7l2gtXHAGdrrGAZlUq8", "expire_date": "2022-02-16T14:11:30.814Z"}}, {"model": "sessions.session", "pk": "x6eisc1xbafrpv2ztjh47koqnp8u6ekd", "fields": {"session_data": ".eJxVjDEOwyAQBP9CHSFwjMEp0-cN6Lg7gpMIJGNXUf4eI7mwiy12Z7Rf4WFdkl8rz34icRNaXI5bAHxzboBekJ9FYsnLPAXZFLnTKh-F-HPf3dNBgpraraUeRtZKwYgR3RW06XpgVA63bDW6AbQjHsgYUoE7DAGiRYeEbMXvD_krOT0:1nCv7X:QUMZkxqD4Z54ME49zc16zfPwPYZLSpxQOjnczWG8Gco", "expire_date": "2022-02-10T03:06:47.576Z"}}, {"model": "sessions.session", "pk": "z7hmhqjp3ohmjovh32zsoamzdm7h2ur3", "fields": {"session_data": ".eJxVjDEOwyAQBP9CHSFwjMEp0-cN6Lg7gpMIJGNXUf4eI7mwiy12Z7Rf4WFdkl8rz34icRNaXI5bAHxzboBekJ9FYsnLPAXZFLnTKh-F-HPf3dNBgpraraUeRtZKwYgR3RW06XpgVA63bDW6AbQjHsgYUoE7DAGiRYeEbMXvD_krOT0:1nFYdD:GDQhxonoXPhwKouQN6Pyrrz1JJYBHzPa9pVVYi9FoJI", "expire_date": "2022-02-17T09:42:23.388Z"}}, {"model": "blog.post", "pk": 1, "fields": {"title": "После", "description": "Поклонники трилогии Э Л Джеймс с восторгом встретили появление книг Анны Тодд, которые сама автор назвала «ванильной версией «Пятидесяти оттенков». Миллион читателей во всем мире следили за историей отношений Тесс и Хардина – примерной девочки и плохого парня. Тесс была прилежной ученицей и послушной дочерью, но после встречи с Хардином ее жизнь абсолютно изменилась. Оказалось, что есть на свете кое-что поважнее учебы и карьеры… И – отличная новость для фанатов книг Анны Тодд – компания Paramount Pictures приобрела права на экранизацию трилогии. В нашей библиотеке вы можете бесплатно почитать книгу « После ». Чтобы читать онлайн книгу « После » перейдите по указанной ссылке. Приятного Вам чтения.", "image": "2022-01-15_19.07.59.jpg", "created_date": "2022-01-15T16:08:14.616Z", "updated_date": "2022-01-15T16:08:14.616Z"}}, {"model": "blog.post", "pk": 2, "fields": {"title": "Крёстный отец", "description": "«Крёстный отец» (англ. The Godfather) — роман Марио Пьюзо, изданный в 1969 году и рассказывающий о жизни одного из могущественных мафиозных кланов Америки — семье дона Корлеоне. На русском языке впервые опубликован в журнале «Знамя» (1987, № 10, 11, 12; перевод Марии Кан и Александры Ильф)[1]. В 1972 году произведение экранизировано Фрэнсисом Фордом Копполой. Входит в американскую версию «100 лучших детективных романов всех времен».", "image": "2022-01-15_19.09.06.jpg", "created_date": "2022-01-15T16:09:20.050Z", "updated_date": "2022-01-15T16:09:20.050Z"}}, {"model": "book.book", "pk": 2, "fields": {"title": "Дом Гуччи", "description": "Мировая кинопремьера! Главная книга о модном доме GUCCI, ставшая основой фильма Ридли Скотта «Дом Gucci» – с Аль Пачино, Леди Гага, Адамом Драйвером и Джаредом Лето в главных ролях. История создания модного бренда – и последующих скандалов, личных трагедий и убийства Маурицио Гуччи.\r\nУтром 27 марта 1995 года четыре выстрела прогремели на элегантных улицах Милана. Маурицио Гуччи, наследник легендарной модной династии, был убит на пороге своего офиса. Два года спустя начальник полиции Милана вошел в роскошный палаццо бывшей жены Маурицио, Патриции Реджани, которую пресса прозвала «Черной вдовой», и арестовал ее за убийство.\r\nПатриция убила своего бывшего мужа, чтобы заполучить его состояние? Или сделала это из ревности к новой невесте? А может быть, Маурицио убил кто-то еще – из-за того, что он потерял контроль над модной империей и едва не разорил семейный бизнес?", "image": "66695284-sara-gay-forden-3162-dom-guchchi-sensacionnaya-istoriya-ubiystva-bezumiya.jpg", "created_date": "2022-01-15T20:28:08.726Z", "updated_date": "2022-01-15T20:28:08.726Z"}}, {"model": "book.book", "pk": 4, "fields": {"title": "Подсознание может всё!", "description": "Книга, которая изменит вашу жизнь! Самое известное исследование о подсознании от известного писателя и тренера личностного роста Джона Кехо! В подсознании каждого человека скрываются огромные резервы. И когда логика оказывается бессильной, именно подсознание поможет вам решать самые сложные повседневные проблемы. Джон Кехо три года провёл в лесах, вдали от людей, чтобы провести исследования работы человеческого мозга. Результатом стала эта программа, которая поможет вам активизировать безграничные ресурсы собственного головного мозга, чтобы изменить свою жизнь к лучшему раз и навсегда. Прослушав аудиокнигу, вы узнаете: – как формулировать и визуализировать свои цели; – как подсознание и интуиция могут помочь в достижении счастья; – как укрепить самооценку и развить творческие навыки; – как быть ощущать себя счастливым, независимо от обстоятельств.", "image": "19571848-dzhon-keho-podsoznanie-mozhet-vse-19571848.jpg", "created_date": "2022-01-21T02:14:14.788Z", "updated_date": "2022-01-21T02:14:14.788Z"}}, {"model": "book.book", "pk": 5, "fields": {"title": "Самый богатый человек в Вавилоне", "description": "Любимая книга Роберта Кийосаки!\r\nЭта книга – настоящее лекарство от нищеты. Если вы всерьез решили стать богатым, она поможет вам заглянуть в суть финансовых проблем и добиться реального успеха. Обсуждаемые автором принципы универсальны и неизменны. Они докажут вам свою действенность так же, как доказали ее многим другим людям, став ключом к стабильному финансовому прогрессу и процветанию.", "image": "53825206-dzhorzh-semuel-kleyson-samyy-bogatyy-chelovek-v-vavilone-53825206.jpg", "created_date": "2022-01-21T02:16:33.246Z", "updated_date": "2022-01-21T02:16:33.246Z"}}, {"model": "book.book", "pk": 6, "fields": {"title": "Безмолвный пациент", "description": "Когда художнице Алисии было тридцать три года, она убила своего мужа.\r\nС тех пор прошло шесть лет. За это время она не произнесла ни слова.\r\nЕе помещают в психиатрическую больницу, общество, СМИ и детективы пытаются выяснить, что же произошло на самом деле, суд не может ни подтвердить, ни опровергнуть вину женщины. А сама художница тем временем пишет свою последнюю картину – автопортрет – и называет ее «Алкеста». В честь мифа о девушке, которая пожертвовала жизнью ради любимого человека.\r\nДействительно ли Алисия душевно больна? Какой секрет скрывается в ее последней работе? И зачем она убила мужа, которого безумно любила? Ответы на эти вопросы нужно найти криминальному психотерапевту Тео Фаберу. В процессе работы с художницей ему предстоит не только выяснить правду об ее жизни, но и узнать кое-что о себе.\r\nВстречайте одну из самых ожидаемых книг 2019 года. Алекс Михаэлидес уже работает над сценарием для экранизации, права на которую принадлежат продюсерской компании Брэда Питта Plan B Entertainment. Вас ждет захватывающая история с поразительным финалом, поистине достойным Голливуда! Читайте эту книгу онлайн или скачайте ее в сервисе электронных и аудиокниг ЛитРес.\r\n\r\n\r\nОписание книги\r\nЖизнь Алисии Беренсон кажется идеальной. Известная художница вышла замуж за востребованного модного фотографа. Она живет в одном из самых привлекательных и дорогих районов Лондона, в роскошном доме с большими окнами, выходящими в парк. Однажды поздним вечером, когда ее муж Габриэль возвращается домой с очередной съемки, Алисия пять раз стреляет ему в лицо. И с тех пор не произносит ни слова.\r\nОтказ Алисии говорить или давать какие-либо объяснения будоражит общественное воображение. Тайна делает художницу знаменитой. И в то время как сама она находится на принудительном лечении, цена ее последней работы – автопортрета с единственной надписью по-гречески «АЛКЕСТА» – стремительно растет.\r\nТео Фабер – криминальный психотерапевт. Он долго ждал возможности поработать с Алисией, заставить ее говорить. Но что скрывается за его одержимостью безумной мужеубийцей и к чему приведут все эти психологические эксперименты? Возможно, к истине, которая угрожает поглотить и его самого…\r\nАлекс писал «Безмолвного пациента» в то время как работал над сценарием фильма «Аферисты поневоле» с Умой Турман и Тимом Ротом в главных ролях. Именно Ума Турман предложила Михаэлидесу сделать главную героиню – Алисию – художницей. Писателю эта идея пришлась по душе: ведь героиня его любимого романа «Кошачий глаз» Маргарет Этвуд также была художницей. Как только он представил Алисию именно в этой профессии, она сразу «ожила».\r\nАлекс признается, что процесс написания «Безмолвного пациента» в одиночестве в кафе или в квартире был самым счастливым в его творческой жизни. «Просто работа над предложением, перемещение слов, поиск правильного синонима – все это делает меня очень счастливым», – говорит писатель.\r\nПрава на экранизацию принадлежат продюсерской компании Брэда Питта Plan B Entertainment, и Алекс отмечает, что заново пересоберет эту историю в сценарий.\r\n«Самый неожиданным и потрясающий воображение финал за последнее время!» – Блейк Крауч.\r\n«Умное, сложное и напряженное повествование»,– Ли Чайлд.\r\n«Этот острый и умный роман буквально поразил меня – а я уверяю вас, это очень непросто сделать. Благодарность автору. Особая благодарность…» – Джоанн Харрис, автор романа «Шоколад».", "image": "40502015-aleks-mihaelides-bezmolvnyy-pacient.jpg", "created_date": "2022-01-21T02:18:31.447Z", "updated_date": "2022-01-21T02:18:31.447Z"}}, {"model": "book.book_comment", "pk": 1, "fields": {"post": 2, "name": "erlan", "body": "yyyyy", "email": "erxmen.97@gmail.com", "created": "2022-01-29T09:20:12.615Z", "updated": "2022-01-29T09:20:12.615Z", "active": true}}, {"model": "book.book_comment", "pk": 2, "fields": {"post": 2, "name": "mars", "body": "ooooooooo", "email": "mars@gmail.com", "created": "2022-01-29T14:26:43.375Z", "updated": "2022-01-29T14:26:43.375Z", "active": true}}, {"model": "book.book_comment", "pk": 3, "fields": {"post": 2, "name": "ar", "body": "aaaaaa", "email": "ar@gmail.com", "created": "2022-01-29T14:29:26.662Z", "updated": "2022-01-29T14:29:26.662Z", "active": true}}, {"model": "book.book_comment", "pk": 4, "fields": {"post": 2, "name": "mars", "body": "1111111", "email": "marss@gmail.com", "created": "2022-01-29T15:05:24.815Z", "updated": "2022-01-29T15:05:24.815Z", "active": true}}, {"model": "book.book_comment", "pk": 5, "fields": {"post": 4, "name": "erlan", "body": "хорошая книга", "email": "err@gmail.com", "created": "2022-02-02T06:13:13.449Z", "updated": "2022-02-02T06:13:13.449Z", "active": true}}, {"model": "book.book_comment", "pk": 6, "fields": {"post": 6, "name": "erlan", "body": "лучшая книга", "email": "eree@gmail.com", "created": "2022-02-02T06:15:09.019Z", "updated": "2022-02-02T06:15:09.019Z", "active": true}}, {"model": "book.book_comment", "pk": 7, "fields": {"post": 5, "name": "erlan", "body": "это книга топ", "email": "errrrr@mail.com", "created": "2022-02-02T06:16:19.310Z", "updated": "2022-02-02T06:16:19.310Z", "active": true}}, {"model": "book.book_comment", "pk": 8, "fields": {"post": 2, "name": "Erlan Abduraimov", "body": "qqqqqqqqqqqqqqqqq", "email": "erxmen.97@gmail.com", "created": "2022-08-07T01:07:21.958Z", "updated": "2022-08-07T01:07:21.958Z", "active": true}}, {"model": "book.bookrating", "pk": 1, "fields": {"book": 2, "rating": "5 *****"}}, {"model": "book.bookrating", "pk": 2, "fields": {"book": 4, "rating": "4 ****"}}, {"model": "book.bookrating", "pk": 3, "fields": {"book": 5, "rating": "4 ****"}}, {"model": "book.bookrating", "pk": 4, "fields": {"book": 6, "rating": "5 *****"}}, {"model": "book.expert", "pk": 1, "fields": {"expert": 5, "firstName": "Erlan", "lastName": "Adduraimov", "middleName": "Nazhmidinovich", "performance": "Doctor", "info": "I graduated from medicine.  I am currently studying IT"}}, {"model": "book.expert", "pk": 2, "fields": {"expert": 2, "firstName": "Akzhol", "lastName": "Dosmatov", "middleName": "Dosmatovich", "performance": "Scientist", "info": "Akzhol Dosmatov he was born in a poor family in the town of Recife. His childhood was marked by a period of Great economic depression in Brazil, so he was well aware of what hunger and poverty were. When Paulo was ten, in order to somehow make ends meet, his parents decided to move to the less expensive town of Jaboatan dos Guararapis. So it turned out that Paulo managed to finish only four grades, he did not go to school in his new place, but he spent almost all his free time with the boys playing football in the yard."}}, {"model": "book.expert", "pk": 3, "fields": {"expert": 5, "firstName": "Almanbet", "lastName": "Baktybekov", "middleName": "Baktybekovich", "performance": "ACTOR", "info": "Almanbet Baktybekov was born on December 27, 1934 in Belgorod. His mother and father were settled Gypsies and worked on one of the collective farms. Besides Nikolai, there were four other children in their family — three daughters and a son. Later, Slichenko recalled: \"Our family was ordinary, with many children <...>, with its own customs, traditions, way of life, with the rigor inherent in the Gypsy environment in the relationship between its members.\""}}, {"model": "book.expertrecommendation", "pk": 1, "fields": {"bookExpert": 5, "text": "This book is a real cure for poverty. If you seriously decide to become rich, it will help you to look into the essence of financial problems and achieve real success. The principles discussed by the author are universal and unchangeable. They will prove their effectiveness to you just as they have proved it to many other people, becoming the key to stable financial progress and prosperity.", "expertRecommendation": 3}}, {"model": "book.expertrecommendation", "pk": 2, "fields": {"bookExpert": 5, "text": "Everyone should listen to/read this book. The book gives tips on how to save money, where to spend it better, how not to waste money, will help pay off debts and loans. This is a basic book that will help you become financially literate.", "expertRecommendation": 1}}, {"model": "book.expertrecommendation", "pk": 3, "fields": {"bookExpert": 5, "text": "On March 27, 1995, Maurizio Gucci, heir to the legendary fashion dynasty, was heading to his office in Milan. He was already climbing the steps when the bullet of the hired killer reached the target. Three years later, Maurizio's ex-wife, Patricia Reggiani Martinelli, was convicted of organizing the murder and sentenced to twenty-nine years in prison. The press dubbed her a \"Black Widow\", accusing her of greed and greed. Prosecutors insisted that Patricia's motive was jealousy and resentment of her ex-husband – he was going to remarry, cutting the alimony of the ex-wife in half.", "expertRecommendation": 2}}, {"model": "shows1.tvshow", "pk": 1, "fields": {"title": "rdtyfugh1", "description": "esrtdyfugi", "image": "600x900-6_jMzeSLL.webp", "quantity": 1, "genre": "Detective", "date_filmed": "2022-02-01"}}, {"model": "parser_app.film", "pk": 89, "fields": {"title": "Bing Zhu Qi Hun ", "image": "https://animekisa.tv/img/coversjpg/bing-zhu-qi-hun.png.webp?117"}}, {"model": "parser_app.film", "pk": 90, "fields": {"title": "Honey, Don't Run Away ", "image": "https://animekisa.tv/img/coversjpg/honey-dont-run-away.png.webp?117"}}, {"model": "parser_app.film", "pk": 91, "fields": {"title": "Wan Jie Xian Zong 5th Season ", "image": "https://animekisa.tv/img/coversjpg/wan-jie-xian-zong-5th-season.png.webp?117"}}, {"model": "parser_app.film", "pk": 92, "fields": {"title": "Koroshi Ai ", "image": "https://animekisa.tv/img/coversjpg/koroshi-ai.png.webp?117"}}, {"model": "parser_app.film", "pk": 93, "fields": {"title": "Hakozume: Kouban Joshi no Gyakushuu ", "image": "https://animekisa.tv/img/coversjpg/hakozume-kouban-joshi-no-gyakushuu.png.webp?117"}}, {"model": "parser_app.film", "pk": 94, "fields": {"title": "E Mo Di Du Chong Tian Qi ", "image": "https://animekisa.tv/img/coversjpg/e-mo-di-du-chong-tian-qi.png.webp?117"}}, {"model": "parser_app.film", "pk": 95, "fields": {"title": "Yao Shen Ji 5th Season ", "image": "https://animekisa.tv/img/coversjpg/yao-shen-ji-5th-season.png.webp?117"}}, {"model": "parser_app.film", "pk": 96, "fields": {"title": "Wan Yu Feng Shen ", "image": "https://animekisa.tv/img/coversjpg/wan-yu-feng-shen.png.webp?117"}}, {"model": "parser_app.film", "pk": 97, "fields": {"title": "Yu☆Gi☆Oh! SEVENS ", "image": "https://animekisa.tv/img/coversjpg/yu-gi-oh!-sevens.jpg.webp?117"}}, {"model": "parser_app.film", "pk": 98, "fields": {"title": "Gensou Sangokushi: Tengen Reishinki ", "image": "https://animekisa.tv/img/coversjpg/gensou-sangokushi-tengen-reishinki.png.webp?117"}}, {"model": "parser_app.film", "pk": 99, "fields": {"title": "Sabikui Bisco ", "image": "https://animekisa.tv/img/coversjpg/sabikui-bisco.png.webp?117"}}, {"model": "parser_app.film", "pk": 100, "fields": {"title": "Xiao Mo Tou Baolu La! ", "image": "https://animekisa.tv/img/coversjpg/xiao-mo-tou-baolu-la.png.webp?117"}}, {"model": "parser_app.film", "pk": 101, "fields": {"title": "The Success Of Mmpyrean Xuan Emperor ", "image": "https://animekisa.tv/img/coversjpg/the-success-of-mmpyrean-xuan-emperor.png.webp?117"}}, {"model": "parser_app.film", "pk": 102, "fields": {"title": "Yami Shibai 10 ", "image": "https://animekisa.tv/img/coversjpg/yami-shibai-10.png.webp?117"}}, {"model": "parser_app.film", "pk": 103, "fields": {"title": "Dragon’s Disciple ", "image": "https://animekisa.tv/img/coversjpg/dragons-disciple.png.webp?117"}}, {"model": "parser_app.film", "pk": 104, "fields": {"title": "Sabiiro no Armor: Reimei ", "image": "https://animekisa.tv/img/coversjpg/sabiiro-no-armor-reimei.png.webp?117"}}, {"model": "parser_app.film", "pk": 105, "fields": {"title": "Yu☆Gi☆Oh! SEVENS ", "image": "https://animekisa.tv/img/coversjpg/yu-gi-oh!-sevens.jpg.webp?117"}}, {"model": "parser_app.film", "pk": 106, "fields": {"title": "Gensou Sangokushi: Tengen Reishinki ", "image": "https://animekisa.tv/img/coversjpg/gensou-sangokushi-tengen-reishinki.png.webp?117"}}, {"model": "parser_app.film", "pk": 107, "fields": {"title": "Sabikui Bisco ", "image": "https://animekisa.tv/img/coversjpg/sabikui-bisco.png.webp?117"}}, {"model": "parser_app.film", "pk": 108, "fields": {"title": "Xiao Mo Tou Baolu La! ", "image": "https://animekisa.tv/img/coversjpg/xiao-mo-tou-baolu-la.png.webp?117"}}, {"model": "parser_app.film", "pk": 109, "fields": {"title": "The Success Of Mmpyrean Xuan Emperor ", "image": "https://animekisa.tv/img/coversjpg/the-success-of-mmpyrean-xuan-emperor.png.webp?117"}}, {"model": "parser_app.film", "pk": 110, "fields": {"title": "Yami Shibai 10 ", "image": "https://animekisa.tv/img/coversjpg/yami-shibai-10.png.webp?117"}}, {"model": "parser_app.film", "pk": 111, "fields": {"title": "Dragon’s Disciple ", "image": "https://animekisa.tv/img/coversjpg/dragons-disciple.png.webp?117"}}, {"model": "parser_app.film", "pk": 112, "fields": {"title": "Sabiiro no Armor: Reimei ", "image": "https://animekisa.tv/img/coversjpg/sabiiro-no-armor-reimei.png.webp?117"}}, {"model": "custom_users.customuser", "pk": 4, "fields": {"user_type": 1, "phone_number": "", "age": 24, "gender": 1}}, {"model": "custom_users.customuser", "pk": 5, "fields": {"user_type": 3, "phone_number": "", "age": 24, "gender": 1}}, {"model": "product.customer", "pk": 1, "fields": {"name": "customer", "phone": "966709520920", "email": "er@gmail.com", "date_created": "2022-02-01"}}, {"model": "product.tag", "pk": 1, "fields": {"name": "mobile devices"}}, {"model": "product.tag", "pk": 2, "fields": {"name": "apple"}}, {"model": "product.tag", "pk": 3, "fields": {"name": "samsung"}}, {"model": "product.tag", "pk": 4, "fields": {"name": "xioami"}}, {"model": "product.tag", "pk": 5, "fields": {"name": "fly"}}, {"model": "product.tag", "pk": 6, "fields": {"name": "Macbook"}}, {"model": "product.tag", "pk": 7, "fields": {"name": "acer"}}, {"model": "product.tag", "pk": 8, "fields": {"name": "asus"}}, {"model": "product.tag", "pk": 9, "fields": {"name": "accessories"}}, {"model": "product.tag", "pk": 10, "fields": {"name": "laptop"}}, {"model": "product.tag", "pk": 11, "fields": {"name": "Electronics"}}, {"model": "product.tag", "pk": 12, "fields": {"name": "acer1"}}, {"model": "product.product", "pk": 5, "fields": {"name": "iphone13", "price": 1200, "description": "This is newest Iphone", "date_created": "2022-02-01", "tags": [1, 2, 11]}}, {"model": "product.product", "pk": 6, "fields": {"name": "Samsung Calaxy A11", "price": 300, "description": "This is samsung yeap", "date_created": "2022-02-01", "tags": [1, 3, 11]}}, {"model": "product.product", "pk": 7, "fields": {"name": "Macbook M1 Pro MAX", "price": 2300, "description": "This is macbook", "date_created": "2022-02-01", "tags": [2, 6, 10, 11]}}, {"model": "product.product", "pk": 8, "fields": {"name": "Asus TUF gaming PRO", "price": 800, "description": "This is gaming laptop", "date_created": "2022-02-01", "tags": [7, 10, 11]}}, {"model": "product.product", "pk": 9, "fields": {"name": "Airpods 3", "price": 176, "description": "This is Airpods new", "date_created": "2022-02-01", "tags": [2, 9, 11]}}, {"model": "cloth.tagcl", "pk": 1, "fields": {"name": "male"}}, {"model": "cloth.tagcl", "pk": 2, "fields": {"name": "female"}}, {"model": "cloth.tagcl", "pk": 3, "fields": {"name": "baby"}}, {"model": "cloth.tagcl", "pk": 4, "fields": {"name": "unisex"}}, {"model": "cloth.productcl", "pk": 1, "fields": {"name": "Kappa", "image": "49146230299.jpg", "price": 4999, "description": "Описание\r\nЯркая и комфортная куртка от Kappa станет идеальным завершением образа в спортивном стиле.\r\n\r\n    СОХРАНЕНИЕ ТЕПЛА \r\n    Современный утеплитель не даст замерзнуть в холодную погоду.\r\n    ЗАЩИТА ОТ ВЛАГИ\r\n    Ткань с влагоотталкивающей пропиткой и водонепроницаемая молния для защиты от осадков.\r\n    ЗАЩИТА ОТ НЕПОГОДЫ\r\n    В модели предусмотрен капюшон.\r\n    КОМФОРТНАЯ ПОСАДКА\r\n    Модель свободного кроя обеспечивает удобство движений.\r\n    ПРАКТИЧНОСТЬ\r\n    3 кармана помогут держать под рукой все необходимые мелочи.\r\n\r\n\r\nРекомендуемый температурный режим для данной модели до -15 °С, исходя из расчета на среднюю физическую активность — ходьбу со скоростью 4 км/ч.", "date_created": "2022-02-04", "tags": [2]}}, {"model": "cloth.productcl", "pk": 2, "fields": {"name": "Худи женская Nike Sportswear Swoosh", "image": "57940560299.jpg", "price": 6299, "description": "Свободная худи Nike Sportswear Swoosh создана для уюта и комфорта в холодную погоду.\r\n\r\n    СОХРАНЕНИЕ ТЕПЛА\r\n    Ткань приятна к телу и хорошо сохраняет тепло.\r\n    ПРАКТИЧНОСТЬ\r\n    Предусмотрен передний карман для удобного хранения мелочей.\r\n    КОМФОРТНАЯ ПОСАДКА\r\n    Просторный крой для свободы движений.", "date_created": "2022-02-04", "tags": [2]}}, {"model": "cloth.productcl", "pk": 3, "fields": {"name": "Футболка женская Nike Dri-FIT Academy", "image": "58725650299.jpg", "price": 1899, "description": "Женская футболка Nike Dri-FIT Academy — отличный выбор для эффективных тренировок.\r\n\r\n    ОТВЕДЕНИЕ ВЛАГИ\r\n    Ткань с технологией Dri-FIT отводит влагу, обеспечивая комфорт.\r\n    ДОПОЛНИТЕЛЬНАЯ ВЕНТИЛЯЦИЯ\r\n    Предусмотрена воздухопроницаемая сетка на спинке и рукавах для улучшенной вентиляции.\r\n    КОМФОРТНАЯ ПОСАДКА\r\n    Стандартный крой не сковывает движения.", "date_created": "2022-02-04", "tags": [2]}}, {"model": "cloth.productcl", "pk": 4, "fields": {"name": "Легинсы женские Nike Yoga Dri-FIT", "image": "58529080299.jpg", "price": 4499, "description": "Эластичные легинсы Nike Yoga Dri-FIT прекрасно подойдут не только для занятий йогой, но и для других тренировок.\r\n\r\n    ЭКОЛОГИЧНОСТЬ\r\n    В состав модели входит переработанный полиэстер.\r\n    ОТВЕДЕНИЕ ВЛАГИ\r\n    Ткань с технологией Dri-FIT эффективно отводит влагу.\r\n    ПЛОТНАЯ ПОСАДКА\r\n    Облегающий крой обеспечивает плотную посадку по фигуре.\r\n    ПРАКТИЧНОСТЬ\r\n    Удобный внутренний карман.", "date_created": "2022-02-04", "tags": [2]}}, {"model": "cloth.productcl", "pk": 5, "fields": {"name": "Юбка женская ASICS", "image": "47937280299.jpg", "price": 2799, "description": "Теннисная юбка ASICS для максимального комфорта и мобильности на корте.\r\n\r\n    СВОБОДА ДВИЖЕНИЙ\r\n    Продуманный крой с разрезами по бокам позволяет двигаться свободно и естественно.\r\n    КОМФОРТ\r\n    Внутренние шорты обеспечивают поддержку во время боковых движений.\r\n    ДОПОЛНИТЕЛЬНАЯ ВЕНТИЛЯЦИЯ\r\n    Сетчатые вставки для оптимального воздухообмена.\r\n    ПРАКТИЧНОСТЬ\r\n    Предусмотрен внутренний карман для мячей.", "date_created": "2022-02-04", "tags": [2]}}, {"model": "cloth.productcl", "pk": 6, "fields": {"name": "Куртка утепленная мужская Ziener Peresch", "image": "59846470299.jpg", "price": 13999, "description": "Описание\r\nКуртка Ziener станет удачным дополнением горнолыжной экипировки.\r\n\r\n    ВОДОНЕПРОНИЦАЕМАЯ МЕМБРАНА\r\n    Материал с водонепроницаемой мембраной AQUASHIELD и специальным покрытием обеспечивает защиту от ветра и влаги. Паропроницаемость 10 000 г/м2/24 ч. Влагонепроницаемость 10 000 мм.\r\n    ЗАЩИТА ОТ СНЕГА\r\n    В модели предусмотрена снегозащитная юбка.", "date_created": "2022-02-04", "tags": [1]}}, {"model": "cloth.productcl", "pk": 7, "fields": {"name": "Футболка мужская Nike Sportswear Swoosh", "image": "54324440299.jpg", "price": 2299, "description": "Футболка Nike Sportswear Sport Swoosh с оригинальным дизайном подчеркнет твою индивидуальность.\r\n\r\n    КОМФОРТНАЯ ПОСАДКА\r\n    Стандартный крой для удобной посадки.\r\n    НАТУРАЛЬНЫЕ МАТЕРИАЛЫ\r\n    Мягкая и легкая хлопковая ткань обеспечивает комфорт.", "date_created": "2022-02-04", "tags": [1]}}, {"model": "cloth.productcl", "pk": 8, "fields": {"name": "Шорты мужские Nike Dri-FIT Academy", "image": "57921820299.jpg", "price": 1899, "description": "Футбольные шорты Nike Dri-FIT Academy для максимального комфорта во время игры.\r\n\r\n    ЭКОЛОГИЧНОСТЬ\r\n    Модель выполнена из переработанных полиэфирных волокон.\r\n    ОТВЕДЕНИЕ ВЛАГИ\r\n    Ткань с технологией Dri-FIT отлично отводит излишки влаги от тела.\r\n    УДОБСТВО РЕГУЛИРОВКИ\r\n    Предусмотрен эластичный пояс с регулировочным шнурком.\r\n    ДОПОЛНИТЕЛЬНАЯ ВЕНТИЛЯЦИЯ\r\n    Сетчатые вставки обеспечивают циркуляцию воздуха.", "date_created": "2022-02-04", "tags": [1]}}, {"model": "cloth.productcl", "pk": 9, "fields": {"name": "Пуховик для мальчиков Outventure", "image": "58183560299.jpg", "price": 3899, "description": "НАТУРАЛЬНЫЙ ПУХ\r\n    В качестве утеплителя использован натуральный пух.\r\n    КОМФОРТНАЯ ПОСАДКА\r\n    Прямой крой гарантирует свободу и естественность движений.\r\n    ВОДОНЕПРОНИЦАЕМОСТЬ\r\n    Модель выполнена из водонепроницаемой мембранной ткани +ADD DRY с показателем 3000 мм.\r\n    ОПТИМАЛЬНЫЙ МИКРОКЛИМАТ\r\n    Паропроницаемый материал с показателем 3000 г/м2/24 ч эффективно отводит излишки тепла и влаги, поддерживая комфортный микроклимат.\r\n    ДОПОЛНИТЕЛЬНАЯ ЗАЩИТА ОТ НЕПОГОДЫ\r\n    Капюшон защитит голову от ветра.\r\n    ПРАКТИЧНОСТЬ\r\n    3 кармана позволят держать под рукой все необходимое.\r\n    СВЕТООТРАЖАЮЩИЕ ЭЛЕМЕНТЫ\r\n    Благодаря светоотражающим деталям ребенок будет виден в темноте.", "date_created": "2022-02-04", "tags": [3]}}, {"model": "cloth.productcl", "pk": 10, "fields": {"name": "Шорты для мальчиков PUMA Better", "image": "59567390299.jpg", "price": 1999, "description": "Описание\r\nШорты в классическом спортивном стиле от PUMA.\r\n\r\n    ЭКОЛОГИЧНОСТЬ\r\n    В состав материала модели входят переработанные волокна и натуральный хлопок, произведенный в рамках инициативы \"За лучший хлопок\".\r\n    ПРАКТИЧНОСТЬ\r\n    Боковые карманы с цветными заклепками позволят захватить с собой необходимые мелочи.", "date_created": "2022-02-04", "tags": [3]}}, {"model": "cloth.productcl", "pk": 11, "fields": {"name": "Шапка KV+ Foca", "image": "58021360299.jpg", "price": 199, "description": "Спортивная шапка из легкой и теплой акриловой пряжи сделает тренировки в прохладную погоду комфортнее.", "date_created": "2022-02-04", "tags": [4]}}, {"model": "cloth.productcl", "pk": 12, "fields": {"name": "Шапка Satila Gasty", "image": "50844240299.jpg", "price": 499, "description": "Удобная и практичная шапка Satila для активного отдыха. Модель с отворотом не даст замерзнуть зимой.", "date_created": "2022-02-04", "tags": [4]}}, {"model": "cloth.productcl_comment", "pk": 4, "fields": {"postCL": 1, "nameCL": "erlan", "bodyCL": "yyyyyyyyyyyyyyy", "emailCL": "er@gmail.com", "createdCL": "2022-02-04T18:34:54.006Z", "updatedCL": "2022-02-04T18:34:54.006Z", "activeCL": true}}, {"model": "cloth.productcl_comment", "pk": 5, "fields": {"postCL": 12, "nameCL": "marsel", "bodyCL": "oooooooooo", "emailCL": "mar@gmail.com", "createdCL": "2022-02-04T18:36:38.013Z", "updatedCL": "2022-02-04T18:36:38.014Z", "activeCL": true}}, {"model": "cloth.productcl_comment", "pk": 6, "fields": {"postCL": 12, "nameCL": "erlan111", "bodyCL": "ooooooooooo", "emailCL": "err@mail.com", "createdCL": "2022-02-04T19:25:03.656Z", "updatedCL": "2022-02-04T19:25:03.656Z", "activeCL": true}}]